Date,High,Low,Open,Close,Volume,Adj Close
2018-06-18,86.19999694824219,81.12000274658203,84.0,85.80000305175781,10872146.0,79.7382583618164
2018-06-19,87.19999694824219,82.44999694824219,84.75,82.44999694824219,4503428.0,76.62493133544922
2018-06-20,83.63999938964844,79.06999969482422,83.18000030517578,80.83000183105469,5957170.0,75.11937713623047
2018-06-21,82.0,80.0,81.19999694824219,80.0,4522806.0,74.3480224609375
2018-06-22,80.0,80.0,80.0,80.0,0.0,74.3480224609375
2018-06-25,82.30000305175781,81.0,81.0,81.69999694824219,2404102.0,75.92790985107422
2018-06-26,82.3499984741211,81.80000305175781,82.0,82.0,960322.0,76.20671844482422
2018-06-27,82.19999694824219,80.51000213623047,82.0,81.0,1771548.0,75.27738952636719
2018-06-28,81.29000091552734,80.0,81.0,80.79000091552734,1864582.0,75.08220672607422
2018-06-29,82.38999938964844,80.87999725341797,80.87999725341797,82.0,2071825.0,76.20671844482422
2018-07-02,84.7699966430664,82.0,82.0,84.05999755859375,1534710.0,78.12117767333984
2018-07-03,85.5999984741211,83.33999633789062,84.05999755859375,85.12000274658203,1722015.0,79.1063003540039
2018-07-04,86.66999816894531,84.4800033569336,85.19999694824219,85.5999984741211,1007630.0,79.5523910522461
2018-07-05,85.77999877929688,84.30000305175781,85.5,84.5,1367896.0,78.53010559082031
2018-07-06,84.5,83.43000030517578,84.12000274658203,84.0,1532332.0,78.06542205810547
2018-07-09,84.94999694824219,84.0,84.5,84.25,325623.0,78.2977523803711
2018-07-10,85.0999984741211,84.0,84.19999694824219,84.45999908447266,906754.0,78.492919921875
2018-07-11,84.68000030517578,84.0,84.37000274658203,84.5,2421108.0,78.53010559082031
2018-07-12,84.48999786376953,83.0,84.36000061035156,84.19999694824219,386437.0,78.25128173828125
2018-07-13,84.51000213623047,83.7300033569336,84.19999694824219,84.36000061035156,866516.0,78.4000015258789
2018-07-16,84.68000030517578,83.94999694824219,84.68000030517578,84.19999694824219,240346.0,78.25128173828125
2018-07-17,86.0,84.19999694824219,84.2300033569336,85.68000030517578,410033.0,79.6267318725586
2018-07-18,86.19999694824219,84.48999786376953,86.19999694824219,85.5,476821.0,79.45944213867188
2018-07-19,90.05000305175781,85.69000244140625,85.69000244140625,89.0,2066898.0,82.7121810913086
2018-07-20,92.98999786376953,89.19999694824219,89.19999694824219,92.69999694824219,3601514.0,86.15076446533203
2018-07-23,92.88999938964844,89.83000183105469,92.80000305175781,90.33999633789062,909354.0,83.95750427246094
2018-07-24,90.69999694824219,89.25,90.33000183105469,90.0,919820.0,83.64152526855469
2018-07-25,90.12000274658203,89.26000213623047,89.41999816894531,90.0,569541.0,83.64152526855469
2018-07-26,91.8499984741211,89.7699966430664,90.76000213623047,89.7699966430664,971467.0,83.42777252197266
2018-07-27,91.37000274658203,89.19999694824219,90.0199966430664,90.9000015258789,483948.0,84.47794342041016
2018-07-30,91.98999786376953,90.4000015258789,90.98999786376953,91.33000183105469,227799.0,84.8775634765625
2018-07-31,93.18000030517578,91.26000213623047,91.51000213623047,93.18000030517578,706613.0,86.59686279296875
2018-08-01,93.18000030517578,92.01000213623047,93.0,92.66000366210938,379152.0,86.11360168457031
2018-08-02,92.45999908447266,91.51000213623047,92.0,92.12999725341797,723330.0,85.62104797363281
2018-08-03,92.45999908447266,91.0999984741211,92.45999908447266,91.91999816894531,263343.0,85.4258804321289
2018-08-06,92.0,90.33000183105469,91.58999633789062,90.5,309264.0,84.106201171875
2018-08-07,91.0,89.72000122070312,90.54000091552734,89.80000305175781,627529.0,83.45565795898438
2018-08-08,90.30999755859375,88.69999694824219,89.76000213623047,90.13999938964844,537563.0,83.7716293334961
2018-08-09,90.72000122070312,89.36000061035156,89.9800033569336,90.30000305175781,1397622.0,83.92032623291016
2018-08-10,90.30999755859375,89.37000274658203,90.01000213623047,90.30999755859375,776103.0,83.92961120605469
2018-08-13,90.0,88.83999633789062,90.0,89.33999633789062,649207.0,83.02814483642578
2018-08-14,89.30000305175781,87.81999969482422,89.1500015258789,88.25,1362289.0,82.01516723632812
2018-08-15,88.4000015258789,87.0,88.11000061035156,87.75,2713946.0,81.55048370361328
2018-08-16,88.47000122070312,86.66000366210938,87.80999755859375,87.30000305175781,1405020.0,81.13228607177734
2018-08-17,87.88999938964844,86.11000061035156,86.69000244140625,87.0,1434927.0,80.85346984863281
2018-08-20,88.4000015258789,86.5,86.87999725341797,87.44999694824219,445870.0,81.27167510986328
2018-08-21,88.19000244140625,86.2300033569336,86.87999725341797,86.94999694824219,3569349.0,80.8070068359375
2018-08-22,86.91999816894531,84.5999984741211,86.41999816894531,85.80000305175781,1064121.0,79.7382583618164
2018-08-23,87.29000091552734,85.66000366210938,85.66000366210938,87.0,624555.0,80.85346984863281
2018-08-24,87.29000091552734,84.22000122070312,87.19999694824219,84.22000122070312,2171389.0,78.26988220214844
2018-08-27,84.79000091552734,84.0,84.27999877929688,84.06999969482422,617499.0,78.1304931640625
2018-08-28,87.48999786376953,84.01000213623047,84.06999969482422,87.1500015258789,2015893.0,80.99287414550781
2018-08-29,88.05000305175781,86.0,87.05000305175781,87.0199966430664,733778.0,80.87206268310547
2018-08-30,88.16999816894531,86.04000091552734,86.04000091552734,86.95999908447266,701003.0,80.81629943847656
2018-08-31,87.45999908447266,85.4000015258789,86.79000091552734,87.45999908447266,914903.0,81.28097534179688
2018-09-03,87.79000091552734,86.04000091552734,86.04000091552734,87.5,515872.0,81.31814575195312
2018-09-04,87.5,86.0,87.5,86.0,2207174.0,79.92411804199219
2018-09-05,88.4000015258789,85.62999725341797,85.62999725341797,86.8499984741211,2083473.0,80.71406555175781
2018-09-06,86.79000091552734,85.55999755859375,86.69999694824219,85.55999755859375,636310.0,79.51521301269531
2018-09-07,86.12999725341797,84.83999633789062,85.55999755859375,84.94999694824219,880032.0,78.94831085205078
2018-09-10,85.25,83.73999786376953,85.05000305175781,84.5,1583215.0,78.53010559082031
2018-09-11,84.97000122070312,84.13999938964844,84.30999755859375,84.2699966430664,256934.0,78.31633758544922
2018-09-12,85.37000274658203,83.27999877929688,84.4000015258789,83.55000305175781,592964.0,77.64722442626953
2018-09-13,86.29000091552734,83.37999725341797,83.94000244140625,85.30999755859375,1127087.0,79.28286743164062
2018-09-14,85.94999694824219,84.83000183105469,85.41999816894531,85.75,333949.0,79.69178009033203
2018-09-17,87.19000244140625,85.0,85.38999938964844,87.11000061035156,434391.0,80.9557113647461
2018-09-18,87.0999984741211,86.06999969482422,87.0999984741211,86.45999908447266,583916.0,80.35162353515625
2018-09-19,87.51000213623047,86.62000274658203,86.77999877929688,87.51000213623047,1096807.0,81.32743835449219
2018-09-20,90.75,87.30000305175781,87.31999969482422,90.5999984741211,841494.0,84.19913482666016
2018-09-21,92.44999694824219,90.01000213623047,90.5999984741211,90.38999938964844,1149628.0,84.00397491455078
2018-09-24,92.30000305175781,89.47000122070312,91.0,90.69999694824219,338358.0,84.29207611083984
2018-09-25,92.91000366210938,91.25,92.0,92.0,1087146.0,85.50022888183594
2018-09-26,92.79000091552734,90.19999694824219,92.51000213623047,90.86000061035156,1252972.0,84.44076538085938
2018-09-27,91.9800033569336,89.87000274658203,90.52999877929688,91.73999786376953,483275.0,85.25859069824219
2018-09-28,92.47000122070312,91.0,91.73999786376953,91.5,1345672.0,85.0355453491211
2018-10-01,91.98999786376953,91.12999725341797,91.51000213623047,91.3499984741211,330118.0,84.89614868164062
2018-10-02,92.4800033569336,91.25,92.0,92.30000305175781,378499.0,85.77902221679688
2018-10-03,94.73999786376953,92.2300033569336,92.30999755859375,93.55999755859375,476769.0,86.94999694824219
2018-10-04,94.58000183105469,92.80999755859375,92.80999755859375,93.80000305175781,834033.0,87.17305755615234
2018-10-05,93.80000305175781,92.0,93.68000030517578,92.0,1143855.0,85.50022888183594
2018-10-08,92.66000366210938,89.12000274658203,92.01000213623047,89.7300033569336,696712.0,83.39060974121094
2018-10-09,90.0999984741211,88.0,89.73999786376953,88.5,751774.0,82.24750518798828
2018-10-10,89.55999755859375,86.55999755859375,88.51000213623047,87.01000213623047,984081.0,80.8627700805664
2018-10-11,86.7300033569336,83.93000030517578,85.2699966430664,86.7300033569336,941621.0,80.6025619506836
2018-10-12,88.58999633789062,86.5199966430664,86.72000122070312,87.26000213623047,689859.0,81.09510803222656
2018-10-15,88.69999694824219,84.94999694824219,87.7300033569336,85.3499984741211,1198973.0,79.32003021240234
2018-10-16,86.75,82.9000015258789,83.30000305175781,86.75,809417.0,80.62113189697266
2018-10-17,88.2300033569336,84.9000015258789,86.98999786376953,86.0,1025839.0,79.92411804199219
2018-10-18,87.48999786376953,85.23999786376953,86.30000305175781,87.0,764971.0,80.85346984863281
2018-10-19,90.0,82.70999908447266,86.70999908447266,82.70999908447266,1114395.0,76.86656188964844
2018-10-22,83.83999633789062,82.0,82.5,83.62999725341797,803275.0,77.7215576171875
2018-10-23,82.25,79.36000061035156,82.01000213623047,80.0,1228061.0,74.3480224609375
2018-10-24,81.80000305175781,78.8499984741211,80.4800033569336,79.83999633789062,1000910.0,74.19932556152344
2018-10-25,77.87000274658203,70.05999755859375,75.0,75.58999633789062,2189484.0,70.24958801269531
2018-10-26,75.22000122070312,71.69000244140625,75.0,72.94999694824219,1321511.0,67.79609680175781
2018-10-29,74.54000091552734,72.05000305175781,73.19999694824219,73.72000122070312,1161408.0,68.51171112060547
2018-10-30,74.66000366210938,72.75,74.41000366210938,73.87000274658203,1066746.0,68.65110778808594
2018-10-31,76.20999908447266,74.29000091552734,75.0,75.43000030517578,685482.0,70.10088348388672
2018-11-01,75.87000274658203,74.55999755859375,75.87000274658203,75.0,899397.0,69.70126342773438
2018-11-02,78.4000015258789,75.69999694824219,76.12999725341797,77.80000305175781,1076796.0,72.30345153808594
2018-11-05,76.80999755859375,74.69999694824219,76.80999755859375,75.1500015258789,1351257.0,69.8406753540039
2018-11-06,75.29000091552734,74.16000366210938,75.08000183105469,74.69999694824219,672695.0,69.4224624633789
2018-11-07,75.4800033569336,74.5,75.01000213623047,75.4800033569336,1065983.0,70.1473617553711
2018-11-08,75.87000274658203,73.37999725341797,75.48999786376953,74.23999786376953,2384611.0,68.99496459960938
2018-11-09,74.1500015258789,70.69999694824219,74.0999984741211,72.19000244140625,1570759.0,67.08979034423828
2018-11-12,73.19999694824219,71.93000030517578,72.04000091552734,72.97000122070312,968058.0,67.81468200683594
2018-11-13,75.9000015258789,73.37000274658203,73.37000274658203,74.91000366210938,1504539.0,69.61763000488281
2018-11-14,75.80000305175781,73.3499984741211,75.80000305175781,74.93000030517578,955535.0,69.63623046875
2018-11-15,76.94999694824219,74.41999816894531,75.19999694824219,74.94999694824219,904078.0,69.6548080444336
2018-11-16,77.06999969482422,75.0,75.0,76.5199966430664,756689.0,71.11388397216797
2018-11-19,77.38999938964844,75.23999786376953,76.2699966430664,75.7300033569336,1033466.0,70.37969970703125
2018-11-20,75.0,71.69000244140625,75.0,73.5,1166740.0,68.30723571777344
2018-11-21,73.95999908447266,71.83000183105469,73.4000015258789,73.5,3652483.0,68.30723571777344
2018-11-22,73.0,71.4000015258789,73.0,71.94999694824219,1064401.0,66.86675262451172
2018-11-23,72.11000061035156,69.12000274658203,70.8499984741211,70.44000244140625,1209838.0,65.46344757080078
2018-11-26,73.33999633789062,69.5199966430664,70.83000183105469,72.97000122070312,1149480.0,67.81468200683594
2018-11-27,73.94999694824219,69.5199966430664,73.5,71.08999633789062,1873535.0,66.06749725341797
2018-11-28,71.44000244140625,69.7300033569336,71.01000213623047,70.5,1206976.0,65.51919555664062
2018-11-29,72.83999633789062,71.19999694824219,71.19999694824219,72.4800033569336,1304391.0,67.35930633544922
2018-11-30,73.23999786376953,70.91999816894531,72.48999786376953,73.16000366210938,8007517.0,67.99127197265625
2018-12-03,75.98999786376953,74.02999877929688,74.5,75.30999755859375,1657852.0,69.98937225341797
2018-12-04,76.94000244140625,75.0,75.0,76.94000244140625,1511082.0,71.50420379638672
2018-12-05,76.95999908447266,75.0,76.94000244140625,75.44000244140625,1475962.0,70.11019134521484
2018-12-06,74.94999694824219,70.81999969482422,74.9000015258789,71.30999755859375,1586265.0,66.27197265625
2018-12-07,72.4000015258789,70.5999984741211,71.5,72.12999725341797,1657844.0,67.0340347290039
2018-12-10,72.52999877929688,70.76000213623047,71.0,71.38999938964844,621154.0,66.34630584716797
2018-12-11,74.25,71.55000305175781,72.25,73.16000366210938,1263262.0,67.99127197265625
2018-12-12,77.37000274658203,73.30000305175781,73.5999984741211,77.26000213623047,790901.0,71.80160522460938
2018-12-13,77.37000274658203,75.23999786376953,77.0,75.5,1168353.0,70.16594696044922
2018-12-14,75.29000091552734,73.5,75.19999694824219,73.80000305175781,1244999.0,68.58605194091797
2018-12-17,74.7699966430664,73.08999633789062,73.88999938964844,74.5999984741211,591360.0,69.32952880859375
2018-12-18,76.44999694824219,73.04000091552734,74.0,74.79000091552734,1156259.0,69.506103515625
2018-12-19,75.94999694824219,73.62000274658203,74.55999755859375,74.51000213623047,1322517.0,69.24589538574219
2018-12-20,74.36000061035156,72.30000305175781,72.31999969482422,73.69999694824219,1128160.0,68.49311828613281
2018-12-21,75.43000030517578,73.30999755859375,73.69999694824219,75.37999725341797,1959793.0,70.05441284179688
2018-12-27,77.13999938964844,75.37999725341797,75.37999725341797,75.80000305175781,1332338.0,70.44475555419922
2018-12-28,79.05000305175781,75.80999755859375,76.01000213623047,78.87999725341797,2233053.0,73.30714416503906
2019-01-02,80.7300033569336,77.31999969482422,77.69000244140625,80.20999908447266,1229481.0,74.54317474365234
2019-01-03,82.0,78.68000030517578,80.20999908447266,79.01000213623047,598228.0,73.4279556274414
2019-01-04,81.68000030517578,78.29000091552734,79.48999786376953,81.05999755859375,916564.0,75.3331298828125
2019-01-07,82.88999938964844,81.13999938964844,81.13999938964844,82.04000091552734,652590.0,76.243896484375
2019-01-08,82.4000015258789,79.7699966430664,82.4000015258789,79.7699966430664,611168.0,74.13426971435547
2019-01-09,81.2300033569336,79.19999694824219,79.98999786376953,79.55000305175781,1403750.0,73.92982482910156
2019-01-10,79.69999694824219,78.5,79.37000274658203,79.6500015258789,614683.0,74.02275848388672
2019-01-11,81.75,79.8499984741211,80.26000213623047,80.1500015258789,888331.0,74.48743438720703
2019-01-14,79.93000030517578,76.87000274658203,79.93000030517578,77.51000213623047,651217.0,72.03395080566406
2019-01-15,79.4800033569336,77.55000305175781,78.5,77.95999908447266,579882.0,72.4521484375
2019-01-16,78.9000015258789,77.22000122070312,78.62000274658203,78.48999786376953,748934.0,72.9447021484375
2019-01-17,79.9000015258789,78.63999938964844,79.77999877929688,79.47000122070312,849221.0,73.85547637939453
2019-01-18,82.86000061035156,80.4000015258789,80.4000015258789,82.56999969482422,695837.0,76.73645782470703
2019-01-21,85.30000305175781,81.62000274658203,83.0,83.87999725341797,1336950.0,77.95389556884766
2019-01-22,84.9000015258789,81.83999633789062,84.58999633789062,82.86000061035156,611888.0,77.00596618652344
2019-01-23,83.29000091552734,80.45999908447266,82.80000305175781,81.76000213623047,789890.0,75.98368072509766
2019-01-24,82.5,80.91999816894531,82.0999984741211,81.66999816894531,350415.0,75.90003967285156
2019-01-25,83.05999755859375,81.80999755859375,81.9000015258789,82.19999694824219,723739.0,76.3926010131836
2019-01-28,82.69999694824219,81.12999725341797,82.19999694824219,81.62999725341797,805327.0,75.86286163330078
2019-01-29,82.69000244140625,81.01000213623047,82.16999816894531,82.11000061035156,857583.0,76.30895233154297
2019-01-30,83.0,80.55000305175781,83.0,81.19999694824219,523524.0,75.46324157714844
2019-01-31,82.76000213623047,79.6500015258789,82.13999938964844,80.91000366210938,1281936.0,75.19374084472656
2019-02-01,82.48999786376953,81.0,81.0,82.3499984741211,777270.0,76.53199768066406
2019-02-04,83.95999908447266,81.87000274658203,82.08000183105469,83.66000366210938,1064805.0,77.74945068359375
2019-02-05,85.66000366210938,80.19000244140625,84.0999984741211,80.68000030517578,1699878.0,74.97998046875
2019-02-06,80.08999633789062,77.70999908447266,80.0,78.62000274658203,3895870.0,73.0655288696289
2019-02-07,80.27999877929688,77.83000183105469,78.5,77.94999694824219,2279272.0,72.4428482055664
2019-02-08,80.0,77.83999633789062,78.4000015258789,78.44999694824219,2437009.0,72.90752410888672
2019-02-11,80.5,78.5,78.5,80.0,1087601.0,74.3480224609375
2019-02-12,81.51000213623047,79.94999694824219,80.0,81.38999938964844,954036.0,75.63981628417969
2019-02-13,84.55999755859375,81.80000305175781,81.80000305175781,84.31999969482422,1457158.0,78.36280822753906
2019-02-14,85.9000015258789,83.55000305175781,84.5,84.80999755859375,1428793.0,78.81819152832031
2019-02-15,85.43000030517578,83.5999984741211,85.0,84.91999816894531,554810.0,78.92042541503906
2019-02-18,85.76000213623047,83.0,84.91999816894531,84.36000061035156,603682.0,78.4000015258789
2019-02-19,84.77999877929688,83.30000305175781,84.19999694824219,84.2699966430664,1020190.0,78.31633758544922
2019-02-20,86.66999816894531,84.08999633789062,84.30000305175781,86.38999938964844,864006.0,80.28656768798828
2019-02-21,87.58999633789062,86.0,86.38999938964844,86.5,746222.0,80.38880920410156
2019-02-22,87.33000183105469,85.80999755859375,86.5,86.91000366210938,441046.0,80.76983642578125
2019-02-25,87.98999786376953,86.79000091552734,87.19999694824219,87.66000366210938,585036.0,81.46684265136719
2019-02-26,87.58000183105469,86.6500015258789,87.0,87.08999633789062,623910.0,80.93712615966797
2019-02-27,87.08000183105469,86.05999755859375,87.08000183105469,86.41999816894531,256231.0,80.31444549560547
2019-02-28,87.0,85.01000213623047,85.98999786376953,86.77999877929688,1084086.0,80.64901733398438
2019-03-01,87.83000183105469,85.87000274658203,86.77999877929688,86.0,292673.0,79.92411804199219
2019-03-04,89.05999755859375,86.0,86.0,88.83999633789062,769390.0,82.56346893310547
2019-03-05,89.54000091552734,87.79000091552734,88.79000091552734,89.5,388247.0,83.17684936523438
2019-03-06,89.68000030517578,87.83999633789062,89.0,88.80999755859375,2857727.0,82.53559112548828
2019-03-07,88.30000305175781,85.31999969482422,88.30000305175781,85.31999969482422,1062689.0,79.29216003417969
2019-03-08,85.23999786376953,83.5,84.8499984741211,85.06999969482422,453509.0,79.05982208251953
2019-03-11,86.69999694824219,84.37999725341797,84.88999938964844,86.27999877929688,743859.0,80.18434143066406
2019-03-12,87.77999877929688,85.69000244140625,87.0,86.0999984741211,605013.0,80.0170669555664
2019-03-13,87.63999938964844,85.70999908447266,85.70999908447266,87.0,1317847.0,80.85346984863281
2019-03-14,87.56999969482422,85.69999694824219,87.0,85.69999694824219,1309003.0,79.64531707763672
2019-03-15,86.6500015258789,85.37999725341797,86.0,86.55999755859375,1091739.0,80.44454956054688
2019-03-18,87.54000091552734,86.55999755859375,86.55999755859375,87.44000244140625,576286.0,81.26239013671875
2019-03-19,87.94000244140625,87.05000305175781,87.44999694824219,87.48999786376953,817670.0,81.30884552001953
2019-03-20,87.41000366210938,86.27999877929688,87.41000366210938,86.27999877929688,543583.0,80.18434143066406
2019-03-21,87.88999938964844,86.05000305175781,86.5,86.95999908447266,851529.0,80.81629943847656
2019-03-22,87.62000274658203,84.52999877929688,86.41999816894531,85.06999969482422,478553.0,79.05982208251953
2019-03-25,85.33000183105469,83.86000061035156,84.5,84.81999969482422,580478.0,78.8274917602539
2019-03-26,85.68000030517578,84.25,84.80999755859375,85.37000274658203,476535.0,79.33863830566406
2019-03-27,86.83000183105469,84.9000015258789,85.5,86.83000183105469,536251.0,80.69548797607422
2019-03-28,87.97000122070312,86.22000122070312,86.48999786376953,87.87999725341797,858968.0,81.67129516601562
2019-03-29,89.20999908447266,87.7300033569336,87.7300033569336,89.0,866962.0,82.7121810913086
2019-04-01,91.88999938964844,89.08000183105469,89.0999984741211,91.88999938964844,792050.0,85.39799499511719
2019-04-02,91.88999938964844,90.81999969482422,91.5199966430664,91.33999633789062,1641553.0,84.88685607910156
2019-04-03,93.08999633789062,91.83999633789062,91.83999633789062,92.8499984741211,1003327.0,86.29016876220703
2019-04-04,92.5,91.5,92.5,92.5,1128524.0,85.96489715576172
2019-04-05,94.0999984741211,92.12999725341797,92.37000274658203,93.69000244140625,448476.0,87.07083129882812
2019-04-08,93.69000244140625,92.44999694824219,93.69000244140625,93.44999694824219,557316.0,86.84779357910156
2019-04-09,94.22000122070312,92.48999786376953,93.44999694824219,92.48999786376953,526907.0,85.95561981201172
2019-04-10,92.58999633789062,91.0999984741211,91.98999786376953,91.13999938964844,482010.0,84.70098876953125
2019-04-11,92.61000061035156,90.9800033569336,90.9800033569336,92.05000305175781,404518.0,85.54669189453125
2019-04-12,93.5,91.52999877929688,91.62999725341797,93.5,297468.0,86.89424896240234
2019-04-15,93.77999877929688,91.80999755859375,93.55000305175781,92.18000030517578,501921.0,85.6675033569336
2019-04-16,93.91000366210938,92.5999984741211,93.25,93.91000366210938,630341.0,87.27528381347656
2019-04-17,95.22000122070312,93.51000213623047,93.9000015258789,95.16999816894531,313404.0,88.44627380371094
2019-04-18,97.06999969482422,94.0,95.0,96.66999816894531,289105.0,89.84028625488281
2019-04-23,97.16999816894531,95.58000183105469,96.66999816894531,96.20999908447266,633442.0,89.41279602050781
2019-04-24,97.6500015258789,96.2300033569336,96.5,97.0,673903.0,90.14697265625
2019-04-25,98.18000030517578,95.68000030517578,97.12999725341797,96.87999725341797,724602.0,90.03545379638672
2019-04-26,97.48999786376953,96.2699966430664,96.87000274658203,97.44999694824219,270026.0,90.56517791748047
2019-04-29,98.80000305175781,97.44999694824219,97.44999694824219,98.80000305175781,473474.0,91.81980895996094
2019-04-30,96.41000366210938,93.70999908447266,95.76000213623047,93.94999694824219,973212.0,87.31245422363281
2019-05-02,95.69999694824219,93.44999694824219,94.0,93.44999694824219,1034692.0,86.84779357910156
2019-05-03,94.33000183105469,92.66000366210938,93.05999755859375,93.16999816894531,227200.0,86.58757019042969
2019-05-06,93.56999969482422,91.5199966430664,91.95999908447266,93.56999969482422,235890.0,86.95931243896484
2019-05-07,93.69999694824219,90.75,92.7699966430664,91.19000244140625,463105.0,84.74746704101562
2019-05-08,91.69000244140625,89.70999908447266,90.5,91.37000274658203,775777.0,84.91473388671875
2019-05-09,91.25,89.5999984741211,91.0,89.70999908447266,943213.0,83.37201690673828
2019-05-10,90.97000122070312,89.12000274658203,89.70999908447266,89.9000015258789,712097.0,84.5380630493164
2019-05-13,89.88999938964844,88.16000366210938,89.58000183105469,88.2699966430664,1150413.0,83.00526428222656
2019-05-14,89.04000091552734,87.5,88.68000030517578,88.05000305175781,556266.0,82.79840087890625
2019-05-15,89.2699966430664,87.05000305175781,88.02999877929688,89.25,338552.0,83.92682647705078
2019-05-16,91.5,88.80000305175781,89.37999725341797,91.27999877929688,460553.0,85.83574676513672
2019-05-17,91.44999694824219,90.25,91.26000213623047,91.41000366210938,757121.0,85.95800018310547
2019-05-20,92.2699966430664,90.22000122070312,91.5,90.68000030517578,650814.0,85.27153015136719
2019-05-21,92.08999633789062,90.5,90.68000030517578,92.0,398940.0,86.5128173828125
2019-05-22,92.47000122070312,91.05000305175781,92.0,91.44999694824219,381626.0,85.99559783935547
2019-05-23,90.5999984741211,89.01000213623047,90.58999633789062,89.29000091552734,1141328.0,83.96443939208984
2019-05-24,90.37999725341797,89.0,89.08999633789062,89.20999908447266,319533.0,83.88920593261719
2019-05-27,90.0,88.41000366210938,89.30999755859375,88.87999725341797,192978.0,83.57889556884766
2019-05-28,90.68000030517578,87.66999816894531,89.0,90.68000030517578,1092716.0,85.27153015136719
2019-05-29,90.5,89.16999816894531,90.5,89.52999877929688,305948.0,84.19013214111328
2019-05-31,88.37000274658203,84.05999755859375,88.23999786376953,86.0,1588895.0,80.87066650390625
2019-06-03,86.69000244140625,84.02999877929688,85.44999694824219,86.69000244140625,587213.0,81.51952362060547
2019-06-04,89.33000183105469,86.0,86.45999908447266,88.7300033569336,494681.0,83.43783569335938
2019-06-05,89.5999984741211,87.51000213623047,88.7300033569336,88.25,790398.0,82.9864730834961
2019-06-07,89.9800033569336,88.25,88.25,89.13999938964844,325082.0,83.8233871459961
2019-06-11,90.83000183105469,89.33000183105469,90.0,90.0,295508.0,84.63208770751953
2019-06-12,90.26000213623047,89.05000305175781,89.7300033569336,89.5999984741211,403399.0,84.25594329833984
2019-06-13,91.30000305175781,89.5,90.05000305175781,91.30000305175781,665757.0,85.85455322265625
2019-06-14,91.18000030517578,88.0999984741211,91.18000030517578,88.16999816894531,541511.0,82.91123962402344
2019-06-18,89.6500015258789,87.4800033569336,88.19999694824219,89.6500015258789,1324365.0,84.302978515625
2019-06-19,91.30000305175781,89.36000061035156,89.98999786376953,91.30000305175781,2213071.0,85.85455322265625
2019-06-20,94.45999908447266,91.44000244140625,91.44000244140625,94.11000061035156,1001817.0,88.49696350097656
2019-06-24,94.37999725341797,92.0,93.0,92.37999725341797,424814.0,86.87013244628906
2019-06-25,94.31999969482422,92.63999938964844,93.08000183105469,93.04000091552734,516765.0,87.49077606201172
2019-06-26,93.81999969482422,91.87999725341797,92.69999694824219,93.0,531874.0,87.45315551757812
2019-06-27,93.94000244140625,92.18000030517578,93.66000366210938,92.41999816894531,191559.0,86.90775299072266
2019-06-28,92.41999816894531,90.5,91.04000091552734,91.9800033569336,632150.0,86.49400329589844
2019-07-01,94.44000244140625,92.4800033569336,92.62000274658203,92.73999786376953,358191.0,87.20867156982422
2019-07-02,93.0999984741211,91.73999786376953,92.55999755859375,92.66000366210938,243571.0,87.1334457397461
2019-07-03,93.22000122070312,91.0,92.5199966430664,92.4000015258789,283086.0,86.88894653320312
2019-07-04,93.08000183105469,91.54000091552734,92.27999877929688,91.54000091552734,224204.0,86.08023834228516
2019-07-05,91.0,89.0199966430664,90.58000183105469,89.86000061035156,208717.0,84.50044250488281
2019-07-08,90.69999694824219,89.19999694824219,89.77999877929688,89.73999786376953,202615.0,84.38760375976562
2019-07-09,89.5,88.0999984741211,89.0999984741211,88.63999938964844,630988.0,83.35319519042969
2019-07-10,88.5199966430664,87.22000122070312,88.0199966430664,87.27999877929688,497845.0,82.07432556152344
2019-07-11,87.58000183105469,86.13999938964844,87.54000091552734,87.26000213623047,208478.0,82.05552673339844
2019-07-12,89.77999877929688,87.05999755859375,87.05999755859375,89.5999984741211,406855.0,84.25594329833984
2019-07-15,91.0,89.18000030517578,89.69999694824219,90.63999938964844,159500.0,85.23392486572266
2019-07-16,91.5199966430664,90.63999938964844,90.66000366210938,90.95999908447266,525267.0,85.53482818603516
2019-07-17,91.80000305175781,89.81999969482422,90.33999633789062,90.81999969482422,492135.0,85.40318298339844
2019-07-18,96.91999816894531,88.0,89.16000366210938,95.80000305175781,1124655.0,90.08615112304688
2019-07-19,99.5,96.0199966430664,96.0199966430664,97.58000183105469,1051269.0,91.76000213623047
2019-07-22,99.5,97.0199966430664,97.55999755859375,99.22000122070312,440318.0,93.30218505859375
2019-07-23,101.9000015258789,99.5,99.5,101.44999694824219,542439.0,95.39917755126953
2019-07-24,102.5,100.1500015258789,101.69999694824219,100.44999694824219,430000.0,94.45880889892578
2019-07-25,101.8499984741211,98.62000274658203,100.5,99.68000030517578,533223.0,93.7347412109375
2019-07-26,100.3499984741211,99.04000091552734,100.0,99.80000305175781,136764.0,93.84758758544922
2019-07-29,100.9000015258789,99.5199966430664,99.77999877929688,100.75,574890.0,94.74092864990234
2019-07-30,100.80000305175781,99.22000122070312,100.80000305175781,99.91999816894531,505176.0,93.9604263305664
2019-07-31,101.0,99.27999877929688,99.94000244140625,100.5999984741211,348741.0,94.59986877441406
2019-08-01,101.19999694824219,99.80000305175781,99.81999969482422,100.6500015258789,255939.0,94.64688873291016
2019-08-02,98.4000015258789,95.68000030517578,97.19999694824219,96.13999938964844,464672.0,90.40587615966797
2019-08-06,94.0999984741211,92.0999984741211,92.31999969482422,92.72000122070312,1228452.0,87.18986511230469
2019-08-07,93.95999908447266,92.0999984741211,93.5,92.81999969482422,673549.0,87.28388977050781
2019-08-08,95.45999908447266,93.68000030517578,94.0,95.22000122070312,421197.0,89.54075622558594
2019-08-09,95.18000030517578,92.91999816894531,94.77999877929688,92.91999816894531,249180.0,87.3779296875
2019-08-12,94.41999816894531,91.37999725341797,92.9000015258789,91.4000015258789,333680.0,85.9485855102539
2019-08-13,91.95999908447266,88.91999816894531,91.0,91.12000274658203,706246.0,85.68529510498047
2019-08-14,91.63999938964844,90.27999877929688,91.63999938964844,90.81999969482422,638933.0,85.40318298339844
2019-08-15,91.9800033569336,89.44000244140625,90.76000213623047,91.63999938964844,561297.0,86.17427062988281
2019-08-16,93.72000122070312,91.0199966430664,91.0199966430664,93.0,570341.0,87.45315551757812
2019-08-19,95.5199966430664,93.0,93.0,95.33999633789062,640989.0,89.65359497070312
2019-08-20,97.27999877929688,94.5199966430664,95.27999877929688,96.27999877929688,411092.0,90.53753662109375
2019-08-21,98.94000244140625,96.62000274658203,96.86000061035156,98.27999877929688,632137.0,92.4182357788086
2019-08-22,97.69999694824219,95.55999755859375,97.44000244140625,95.69999694824219,1024937.0,89.99212646484375
2019-08-23,96.80000305175781,94.44000244140625,95.0999984741211,94.4800033569336,259238.0,88.84489440917969
2019-08-26,93.94000244140625,92.72000122070312,92.72000122070312,93.76000213623047,257482.0,88.16783142089844
2019-08-27,94.23999786376953,93.12000274658203,93.9800033569336,94.23999786376953,353502.0,88.61920166015625
2019-08-28,94.23999786376953,93.4000015258789,94.08000183105469,93.58000183105469,285148.0,87.99857330322266
2019-08-29,96.30000305175781,93.58000183105469,93.68000030517578,95.87999725341797,675673.0,90.16139221191406
2019-08-30,98.27999877929688,96.12000274658203,96.19999694824219,97.26000213623047,314240.0,91.4590835571289
2019-09-02,98.26000213623047,96.66000366210938,97.36000061035156,96.86000061035156,190437.0,91.08293914794922
2019-09-03,97.4000015258789,95.27999877929688,96.94000244140625,95.44000244140625,221500.0,89.74763488769531
2019-09-04,96.44000244140625,94.94000244140625,95.36000061035156,95.36000061035156,716106.0,89.67240905761719
2019-09-05,96.9800033569336,95.0199966430664,95.55999755859375,95.13999938964844,515786.0,89.46551513671875
2019-09-06,95.72000122070312,94.80000305175781,95.4800033569336,95.33999633789062,360968.0,89.65359497070312
2019-09-09,96.83999633789062,95.31999969482422,95.31999969482422,96.22000122070312,309714.0,90.48110961914062
2019-09-10,98.37999725341797,95.9000015258789,95.9800033569336,98.0999984741211,445131.0,92.24897766113281
2019-09-11,101.05000305175781,98.0999984741211,98.36000061035156,101.05000305175781,750703.0,95.02303314208984
2019-09-12,104.05000305175781,101.5,101.5999984741211,103.6500015258789,1583374.0,97.46796417236328
2019-09-13,105.9000015258789,103.6500015258789,104.0,105.5999984741211,1313028.0,99.30165100097656
2019-09-16,105.3499984741211,103.55000305175781,104.0,105.0999984741211,362205.0,98.83147430419922
2019-09-17,104.9000015258789,103.55000305175781,104.6500015258789,104.80000305175781,396768.0,98.54936981201172
2019-09-18,105.1500015258789,103.44999694824219,104.80000305175781,103.9000015258789,227328.0,97.70305633544922
2019-09-19,105.94999694824219,103.5999984741211,105.5,104.30000305175781,319292.0,98.07919311523438
2019-09-20,105.25,103.1500015258789,103.8499984741211,105.25,648253.0,98.97252655029297
2019-09-23,105.0,100.8499984741211,105.0,102.19999694824219,460108.0,96.10443878173828
2019-09-24,103.5999984741211,100.94999694824219,102.05000305175781,101.9000015258789,558027.0,95.82234191894531
2019-09-25,101.4000015258789,98.22000122070312,101.30000305175781,100.0,554184.0,94.03565979003906
2019-09-26,102.30000305175781,100.25,100.25,101.6500015258789,421926.0,95.5872573852539
2019-09-27,103.0,101.75,102.25,102.05000305175781,241740.0,95.96338653564453
2019-09-30,102.4000015258789,101.25,102.05000305175781,101.69999694824219,301865.0,95.63426971435547
2019-10-01,102.3499984741211,99.76000213623047,101.9000015258789,100.4000015258789,452427.0,94.41179656982422
2019-10-02,100.30000305175781,98.30000305175781,100.30000305175781,99.0199966430664,440230.0,93.11409759521484
2019-10-03,100.75,98.45999908447266,98.5999984741211,100.1500015258789,342841.0,94.17671966552734
2019-10-04,102.30000305175781,99.9000015258789,100.19999694824219,101.80000305175781,819282.0,95.72830200195312
2019-10-07,102.55000305175781,101.3499984741211,101.8499984741211,102.0,300765.0,95.9163589477539
2019-10-08,102.4000015258789,100.25,102.0,101.80000305175781,480063.0,95.72830200195312
2019-10-09,103.19999694824219,100.30000305175781,100.94999694824219,102.55000305175781,314528.0,96.4335708618164
2019-10-10,103.0999984741211,100.75,101.0,102.6500015258789,229285.0,96.52760314941406
2019-10-11,104.25,101.05000305175781,102.25,102.05000305175781,589768.0,95.96338653564453
2019-10-14,102.44999694824219,100.6500015258789,101.44999694824219,102.0999984741211,688267.0,96.01040649414062
2019-10-15,104.05000305175781,102.3499984741211,102.94999694824219,103.3499984741211,607182.0,97.18584442138672
2019-10-16,103.3499984741211,102.0999984741211,103.3499984741211,102.5,262250.0,96.38654327392578
2019-10-17,103.19999694824219,101.80000305175781,102.3499984741211,102.94999694824219,252527.0,96.80970764160156
2019-10-18,105.25,102.05000305175781,102.3499984741211,104.3499984741211,282261.0,98.12620544433594
2019-10-21,106.5999984741211,103.25,104.30000305175781,105.0999984741211,578130.0,98.83147430419922
2019-10-22,107.4000015258789,104.8499984741211,105.5,105.75,819686.0,99.44270324707031
2019-10-23,107.30000305175781,105.1500015258789,106.0999984741211,107.0,549447.0,100.61815643310547
2019-10-24,109.1500015258789,106.8499984741211,107.05000305175781,108.5999984741211,811846.0,102.12271118164062
2019-10-25,102.94999694824219,97.36000061035156,101.5,101.3499984741211,1632266.0,95.30513000488281
2019-10-28,102.0,99.76000213623047,101.3499984741211,101.19999694824219,841164.0,95.16407775878906
2019-10-29,103.8499984741211,99.0,99.26000213623047,103.1500015258789,1986586.0,98.01473236083984
2019-10-30,105.1500015258789,103.0,103.0,104.0999984741211,1363759.0,98.91742706298828
2019-10-31,105.44999694824219,102.44999694824219,104.0999984741211,105.0,1216019.0,99.77262878417969
2019-11-01,105.8499984741211,101.55000305175781,105.1500015258789,104.4000015258789,88891.0,99.20250701904297
2019-11-04,108.3499984741211,105.5999984741211,105.5999984741211,107.9000015258789,1007956.0,102.52825927734375
2019-11-05,107.80000305175781,105.30000305175781,107.75,106.4000015258789,562260.0,101.10293579101562
2019-11-06,106.19999694824219,104.69999694824219,105.94999694824219,105.1500015258789,482983.0,99.9151611328125
2019-11-07,106.94999694824219,104.6500015258789,105.80000305175781,105.55000305175781,495727.0,100.29525756835938
2019-11-08,106.80000305175781,105.05000305175781,105.30000305175781,106.05000305175781,355300.0,100.7703628540039
2019-11-11,106.69999694824219,105.30000305175781,106.30000305175781,105.75,519314.0,100.48529052734375
2019-11-12,106.05000305175781,104.80000305175781,105.9000015258789,105.6500015258789,336217.0,100.39027404785156
2019-11-13,105.5,103.6500015258789,105.05000305175781,103.94999694824219,455769.0,98.77490234375
2019-11-14,105.8499984741211,102.94999694824219,104.0999984741211,105.4000015258789,555026.0,100.15272521972656
2019-11-15,107.0,105.25,106.19999694824219,106.80000305175781,347971.0,101.4830322265625
2019-11-18,107.4000015258789,105.0999984741211,107.0,105.5999984741211,542889.0,100.34276580810547
2019-11-19,107.94999694824219,105.5999984741211,105.6500015258789,107.0999984741211,423338.0,101.76808166503906
2019-11-20,108.44999694824219,106.19999694824219,107.19999694824219,108.4000015258789,466379.0,103.00336456298828
2019-11-21,107.69999694824219,106.3499984741211,107.19999694824219,107.1500015258789,513470.0,101.81559753417969
2019-11-22,108.0999984741211,106.3499984741211,106.5999984741211,107.5,1283672.0,102.1481704711914
2019-11-25,108.94999694824219,107.69999694824219,107.8499984741211,108.94999694824219,701926.0,103.5259780883789
2019-11-26,109.69999694824219,107.75,108.94999694824219,109.19999694824219,796165.0,103.76353454589844
2019-11-27,111.25,109.19999694824219,109.19999694824219,109.80000305175781,861688.0,104.33367919921875
2019-11-28,109.0,106.9000015258789,109.0,108.44999694824219,573317.0,103.05086517333984
2019-11-29,108.4000015258789,107.05000305175781,108.05000305175781,107.6500015258789,481992.0,102.29069519042969
2019-12-02,108.4000015258789,106.25,107.44999694824219,106.25,361366.0,100.96040344238281
2019-12-03,107.75,104.0,106.4000015258789,104.5,380229.0,99.29752349853516
2019-12-04,108.3499984741211,104.6500015258789,104.80000305175781,108.19999694824219,724219.0,102.81332397460938
2019-12-05,109.25,107.8499984741211,108.0999984741211,108.0999984741211,440193.0,102.71830749511719
2019-12-06,110.05000305175781,107.55000305175781,108.1500015258789,109.3499984741211,412948.0,103.90606689453125
2019-12-09,110.5,108.94999694824219,110.0,109.4000015258789,315533.0,103.95358276367188
2019-12-10,109.5999984741211,107.69999694824219,108.69999694824219,109.0,389385.0,103.57350158691406
2019-12-11,110.44999694824219,108.1500015258789,108.30000305175781,110.19999694824219,451096.0,104.7137451171875
2019-12-12,112.6500015258789,109.80000305175781,110.3499984741211,112.0999984741211,758492.0,106.51915740966797
2019-12-13,112.94999694824219,110.6500015258789,112.5,111.75,400362.0,106.18658447265625
2019-12-16,112.94999694824219,111.5,111.75,112.75,431727.0,107.13680267333984
2019-12-17,114.5,112.30000305175781,112.69999694824219,114.5,487247.0,108.79967498779297
2019-12-18,115.44999694824219,114.05000305175781,114.0999984741211,115.0,563726.0,109.2747802734375
2019-12-19,115.4000015258789,113.0,115.1500015258789,113.4000015258789,476630.0,107.75444030761719
2019-12-20,114.75,113.30000305175781,113.94999694824219,114.19999694824219,500020.0,108.51461791992188
2019-12-23,115.3499984741211,114.0999984741211,114.25,114.6500015258789,181973.0,108.94221496582031
2019-12-27,114.75,113.05000305175781,114.75,114.44999694824219,111483.0,108.7521743774414
2019-12-30,113.94999694824219,111.05000305175781,113.8499984741211,111.05000305175781,274498.0,105.52143096923828
2020-01-02,114.19999694824219,111.55000305175781,111.55000305175781,113.8499984741211,195900.0,108.1820297241211
2020-01-03,113.3499984741211,112.05000305175781,112.30000305175781,112.75,236933.0,107.13680267333984
2020-01-07,113.55000305175781,110.75,112.69999694824219,111.3499984741211,366390.0,105.8064956665039
2020-01-08,112.05000305175781,110.4000015258789,110.44999694824219,111.5999984741211,205614.0,106.04405212402344
2020-01-09,113.25,110.94999694824219,112.6500015258789,112.05000305175781,1053987.0,106.4716567993164
2020-01-10,114.3499984741211,112.0,112.0,113.4000015258789,233979.0,107.75444030761719
2020-01-13,114.94999694824219,113.0,113.0,114.25,880716.0,108.56211853027344
2020-01-14,116.19999694824219,113.0999984741211,114.3499984741211,116.19999694824219,474398.0,110.4150390625
2020-01-15,116.9000015258789,114.44999694824219,116.55000305175781,114.9000015258789,743097.0,109.17976379394531
2020-01-16,115.4000015258789,113.4000015258789,114.80000305175781,115.19999694824219,445404.0,109.46482849121094
2020-01-17,116.75,114.8499984741211,114.9000015258789,115.94999694824219,353859.0,110.17748260498047
2020-01-20,118.75,115.80000305175781,115.94999694824219,118.0,295308.0,112.12543487548828
2020-01-21,118.94999694824219,114.25,116.9000015258789,118.0,1135846.0,112.12543487548828
2020-01-22,118.80000305175781,117.19999694824219,117.9000015258789,118.44999694824219,778702.0,112.55301666259766
2020-01-23,119.30000305175781,117.19999694824219,118.0,117.55000305175781,1986861.0,111.69783782958984
2020-01-24,120.9000015258789,118.25,119.05000305175781,120.25,755080.0,114.26341247558594
2020-01-27,118.94999694824219,115.69999694824219,118.94999694824219,116.5,929130.0,110.70010375976562
2020-01-28,116.4000015258789,112.75,115.94999694824219,114.0999984741211,648366.0,108.41959381103516
2020-01-29,114.69999694824219,112.44999694824219,114.4000015258789,113.5999984741211,928251.0,107.9444808959961
2020-01-30,113.80000305175781,111.5999984741211,112.9000015258789,112.6500015258789,578719.0,107.04177856445312
2020-01-31,110.0999984741211,106.5,107.1500015258789,109.0999984741211,1376303.0,103.66851806640625
2020-02-03,110.8499984741211,108.69999694824219,109.0,109.55000305175781,1042429.0,104.09611511230469
2020-02-04,114.5999984741211,109.55000305175781,109.69999694824219,114.5999984741211,744864.0,108.89469909667969
2020-02-05,116.5999984741211,114.3499984741211,114.9000015258789,115.55000305175781,527271.0,109.79740905761719
2020-02-06,116.30000305175781,114.3499984741211,116.0,115.0,884991.0,109.2747802734375
2020-02-07,115.75,114.30000305175781,114.94999694824219,114.75,497229.0,109.0372314453125
2020-02-10,115.80000305175781,114.1500015258789,114.6500015258789,115.5,283690.0,109.7499008178711
2020-02-11,119.6500015258789,116.0,116.0,119.44999694824219,593643.0,113.50324249267578
2020-02-12,119.5,118.0999984741211,119.44999694824219,118.9000015258789,514887.0,112.98062896728516
2020-02-13,118.80000305175781,115.80000305175781,118.80000305175781,116.8499984741211,646616.0,111.03267669677734
2020-02-14,117.55000305175781,115.8499984741211,116.3499984741211,117.4000015258789,646580.0,111.5552978515625
2020-02-17,118.55000305175781,117.19999694824219,117.69999694824219,118.19999694824219,1025492.0,112.31547546386719
2020-02-18,118.3499984741211,116.25,117.19999694824219,118.3499984741211,543751.0,112.4580078125
2020-02-19,118.05000305175781,114.5999984741211,117.25,115.0,1140019.0,109.2747802734375
2020-02-20,116.44999694824219,113.94999694824219,114.75,116.19999694824219,1040227.0,110.4150390625
2020-02-21,116.9000015258789,114.55000305175781,115.55000305175781,114.75,614833.0,109.0372314453125
2020-02-24,112.69999694824219,109.8499984741211,112.55000305175781,109.94999694824219,677538.0,104.47620391845703
2020-02-25,111.8499984741211,107.94999694824219,110.05000305175781,108.25,593861.0,102.86083221435547
2020-02-26,112.05000305175781,104.75,107.25,112.05000305175781,851946.0,106.4716567993164
2020-02-27,110.5999984741211,106.6500015258789,110.05000305175781,108.8499984741211,584446.0,103.43096160888672
2020-02-28,108.05000305175781,104.5,105.5999984741211,107.25,887182.0,101.9106216430664
2020-03-02,110.69999694824219,104.1500015258789,109.5999984741211,106.75,840084.0,101.43550109863281
2020-03-03,109.69999694824219,105.80000305175781,109.69999694824219,105.80000305175781,577650.0,100.53279876708984
2020-03-04,107.05000305175781,104.25,106.0,104.8499984741211,1395395.0,99.63008880615234
2020-03-05,106.5999984741211,103.1500015258789,105.75,103.44999694824219,1928033.0,98.29978942871094
2020-03-06,102.1500015258789,99.19999694824219,101.0,100.1500015258789,2773841.0,95.16409301757812
2020-03-09,97.27999877929688,93.55999755859375,95.58000183105469,96.36000061035156,2123238.0,91.56277465820312
2020-03-10,98.9000015258789,95.0199966430664,96.30000305175781,96.13999938964844,1817412.0,91.35372161865234
2020-03-11,97.77999877929688,91.55999755859375,96.54000091552734,92.81999969482422,2321646.0,88.19900512695312
2020-03-12,91.36000061035156,84.04000091552734,88.19999694824219,85.19999694824219,2024886.0,80.95835876464844
2020-03-13,91.04000091552734,84.5999984741211,85.27999877929688,86.22000122070312,2052529.0,81.9275894165039
2020-03-16,88.19999694824219,78.83999633789062,82.0999984741211,87.23999786376953,1399847.0,82.89680480957031
2020-03-17,89.23999786376953,84.12000274658203,89.0,88.16000366210938,1504006.0,83.77101135253906
2020-03-18,87.19999694824219,78.69999694824219,86.30000305175781,83.05999755859375,2565535.0,78.9249038696289
2020-03-19,84.68000030517578,81.30000305175781,83.05999755859375,83.16000366210938,2066050.0,79.01992797851562
2020-03-20,86.87999725341797,82.22000122070312,83.87999725341797,83.87999725341797,1593597.0,79.7040786743164
2020-03-23,80.5,76.5,77.0,78.54000091552734,1125713.0,74.62993621826172
2020-03-24,86.83999633789062,79.54000091552734,80.18000030517578,86.0999984741211,1489883.0,81.81356048583984
2020-03-25,91.0,84.83999633789062,89.0,88.83999633789062,1423178.0,84.41715240478516
2020-03-26,97.5,86.95999908447266,88.0,97.5,1759087.0,92.64601135253906
2020-03-27,96.58000183105469,92.44000244140625,96.0999984741211,93.54000091552734,1635668.0,88.88316345214844
2020-03-30,98.94000244140625,91.9000015258789,95.5199966430664,98.94000244140625,1265563.0,94.01433563232422
2020-03-31,101.4000015258789,96.26000213623047,100.69999694824219,98.41999816894531,1612518.0,93.52020263671875
2020-04-01,97.19999694824219,94.5199966430664,96.18000030517578,96.16000366210938,1000528.0,91.37273406982422
2020-04-02,100.4000015258789,94.13999938964844,95.83999633789062,99.18000030517578,938161.0,94.24237823486328
2020-04-03,98.18000030517578,92.04000091552734,95.94000244140625,92.94000244140625,663972.0,88.31304168701172
2020-04-06,97.91999816894531,94.27999877929688,94.80000305175781,97.83999633789062,1060209.0,92.96908569335938
2020-04-07,101.94999694824219,98.04000091552734,101.0,100.3499984741211,936304.0,95.35411834716797
2020-04-08,100.1500015258789,97.4800033569336,100.0,98.23999786376953,621023.0,93.34916687011719
2020-04-09,100.75,97.5199966430664,99.77999877929688,98.05999755859375,433654.0,93.17813110351562
2020-04-14,101.55000305175781,98.19999694824219,100.3499984741211,101.55000305175781,682462.0,96.49439239501953
2020-04-15,101.5999984741211,94.19999694824219,101.55000305175781,94.19999694824219,472840.0,89.51029968261719
2020-04-16,94.23999786376953,89.36000061035156,89.36000061035156,91.62000274658203,985694.0,87.05875396728516
2020-04-17,95.95999908447266,92.9800033569336,95.45999908447266,93.5999984741211,844378.0,88.940185546875
2020-04-20,96.44000244140625,93.0199966430664,94.91999816894531,96.08000183105469,743992.0,91.29670715332031
2020-04-21,95.68000030517578,93.05999755859375,94.55999755859375,93.5,340328.0,88.84516143798828
2020-04-22,97.0,93.0,93.0199966430664,97.0,1500772.0,92.17090606689453
2020-04-23,103.55000305175781,98.5999984741211,99.9000015258789,101.75,796763.0,96.6844253540039
2020-04-24,102.75,98.83999633789062,100.5999984741211,99.69999694824219,1057558.0,94.73648071289062
2020-04-27,102.44999694824219,100.69999694824219,100.80000305175781,101.44999694824219,532729.0,96.39936828613281
2020-04-28,102.0999984741211,100.0999984741211,102.0999984741211,101.05000305175781,708696.0,96.01927947998047
2020-04-29,103.05000305175781,99.9800033569336,100.75,102.30000305175781,871825.0,97.2070541381836
2020-04-30,103.44999694824219,96.81999969482422,102.44999694824219,96.81999969482422,944538.0,91.99986267089844
2020-05-04,95.31999969482422,85.08000183105469,87.13999938964844,92.08000183105469,1510891.0,87.49585723876953
2020-05-05,99.04000091552734,93.22000122070312,93.26000213623047,98.94000244140625,681046.0,94.01433563232422
2020-05-06,98.9000015258789,96.5,97.63999938964844,96.83999633789062,288882.0,92.01886749267578
2020-05-07,98.68000030517578,97.12000274658203,98.5,97.76000213623047,325027.0,92.89307403564453
2020-05-08,102.0,98.22000122070312,99.0999984741211,101.4000015258789,603194.0,96.35186004638672
2020-05-11,103.19999694824219,100.5999984741211,101.0,102.05000305175781,884603.0,96.96949768066406
2020-05-12,103.55000305175781,100.5999984741211,102.05000305175781,102.5,968095.0,97.39708709716797
2020-05-13,101.5,99.16000366210938,101.5,99.58000183105469,958728.0,95.74336242675781
2020-05-14,98.4000015258789,93.08000183105469,97.62000274658203,94.5999984741211,660949.0,90.95523071289062
2020-05-15,99.86000061035156,94.76000213623047,94.76000213623047,98.33999633789062,1534719.0,94.55113220214844
2020-05-18,103.0,100.05000305175781,100.19999694824219,103.0,371940.0,99.0315933227539
2020-05-19,104.80000305175781,100.94999694824219,103.44999694824219,101.94999694824219,651813.0,98.02204895019531
2020-05-20,103.30000305175781,100.3499984741211,101.5999984741211,102.75,203605.0,98.79122924804688
2020-05-22,102.4000015258789,97.86000061035156,102.4000015258789,100.3499984741211,1219440.0,96.48368835449219
2020-05-25,103.05000305175781,100.5,101.0,101.75,475864.0,97.82975006103516
2020-05-26,105.3499984741211,102.0,102.69999694824219,104.44999694824219,854832.0,100.42572784423828
2020-05-27,107.6500015258789,104.0,104.8499984741211,107.6500015258789,620513.0,103.50244140625
2020-05-28,109.1500015258789,106.80000305175781,109.0999984741211,107.4000015258789,673627.0,103.26206970214844
2020-05-29,106.30000305175781,104.19999694824219,106.30000305175781,104.9000015258789,1588905.0,100.8583984375
2020-06-01,105.94999694824219,104.05000305175781,105.4000015258789,105.4000015258789,335162.0,101.33912658691406
2020-06-02,108.69999694824219,104.9000015258789,104.9000015258789,107.75,489756.0,103.59857940673828
2020-06-03,109.8499984741211,107.3499984741211,107.5,109.69999694824219,561889.0,105.47344970703125
2020-06-04,111.6500015258789,108.8499984741211,109.69999694824219,111.5,1394529.0,107.2041015625
2020-06-05,113.94999694824219,111.25,112.6500015258789,113.94999694824219,562098.0,109.5597152709961
2020-06-08,113.6500015258789,111.80000305175781,113.6500015258789,113.3499984741211,504936.0,108.98281860351562
2020-06-09,114.55000305175781,110.4000015258789,113.30000305175781,114.5,815049.0,110.0885238647461
2020-06-10,116.9000015258789,111.9000015258789,116.5,112.5,590337.0,108.16557312011719
2020-06-11,111.44999694824219,109.0999984741211,110.3499984741211,109.69999694824219,524228.0,105.47344970703125
2020-06-12,112.0999984741211,107.19999694824219,108.3499984741211,109.25,979061.0,105.0407943725586
2020-06-15,108.80000305175781,105.25,107.8499984741211,108.44999694824219,781314.0,104.2716064453125
2020-06-16,112.30000305175781,109.5999984741211,111.6500015258789,111.1500015258789,1201105.0,106.86759185791016
2020-06-17,113.75,110.5999984741211,111.25,113.0999984741211,613018.0,108.74246215820312
2020-06-18,115.55000305175781,112.55000305175781,112.55000305175781,114.25,813505.0,109.84814453125
2020-06-22,116.55000305175781,113.0,113.19999694824219,115.30000305175781,517250.0,110.85770416259766
2020-06-23,117.8499984741211,115.30000305175781,116.05000305175781,115.5,392376.0,111.04998779296875
2020-06-24,116.69999694824219,114.0,116.55000305175781,114.5,470818.0,110.0885238647461
2020-06-25,113.5,111.0,112.9000015258789,112.6500015258789,815645.0,108.30979919433594
2020-06-26,116.5999984741211,112.80000305175781,113.4000015258789,113.0,717630.0,108.64630889892578
2020-06-29,115.30000305175781,112.6500015258789,113.0,114.9000015258789,1073303.0,110.47311401367188
2020-06-30,116.05000305175781,112.75,114.0999984741211,113.94999694824219,670180.0,109.5597152709961
2020-07-01,116.0999984741211,113.69999694824219,113.94999694824219,113.69999694824219,436286.0,109.3193359375
2020-07-02,115.0999984741211,112.80000305175781,114.44999694824219,114.05000305175781,830273.0,109.6558609008789
2020-07-03,115.3499984741211,113.0999984741211,114.44999694824219,113.44999694824219,357389.0,109.07897186279297
2020-07-06,117.0999984741211,114.1500015258789,115.0999984741211,116.8499984741211,349378.0,112.34797668457031
2020-07-07,116.9000015258789,115.19999694824219,116.8499984741211,115.69999694824219,439801.0,111.2422866821289
2020-07-08,117.19999694824219,114.94999694824219,115.30000305175781,116.1500015258789,324433.0,111.6749496459961
2020-07-09,116.80000305175781,114.75,116.1500015258789,115.3499984741211,330042.0,110.90576934814453
2020-07-10,116.44999694824219,114.5,114.75,115.80000305175781,165914.0,111.33843994140625
2020-07-13,119.5,116.05000305175781,117.5,119.3499984741211,470436.0,114.75165557861328
2020-07-14,119.0,117.0,118.05000305175781,118.5999984741211,249879.0,114.03055572509766
2020-07-15,121.30000305175781,118.5,119.0,121.30000305175781,427294.0,116.62652587890625
2020-07-16,123.4000015258789,119.75,120.30000305175781,122.6500015258789,501710.0,117.92451477050781
2020-07-17,123.6500015258789,121.6500015258789,122.30000305175781,122.0999984741211,342431.0,117.39570617675781
2020-07-20,123.30000305175781,121.69999694824219,122.1500015258789,123.0,239949.0,118.26103210449219
2020-07-21,124.05000305175781,122.0999984741211,123.8499984741211,122.75,353383.0,118.02066040039062
2020-07-22,125.19999694824219,122.6500015258789,122.75,124.75,488281.0,119.94361114501953
2020-07-23,122.4000015258789,118.55000305175781,119.80000305175781,121.5999984741211,593563.0,116.91497039794922
2020-07-24,121.4000015258789,117.9000015258789,120.0999984741211,121.0999984741211,493238.0,116.43423461914062
2020-07-27,125.0,121.0,121.80000305175781,124.55000305175781,361315.0,119.75131225585938
2020-07-28,124.9000015258789,122.19999694824219,124.9000015258789,122.5,262767.0,117.7802963256836
2020-07-29,123.3499984741211,121.6500015258789,122.5,123.19999694824219,294023.0,118.45332336425781
2020-07-30,123.19999694824219,120.25,123.1500015258789,121.0999984741211,209072.0,116.43423461914062
2020-07-31,121.5,119.1500015258789,120.0999984741211,119.1500015258789,344818.0,114.55936431884766
2020-08-03,121.0999984741211,118.0,118.9000015258789,119.9000015258789,797870.0,115.28047180175781
2020-08-04,121.5999984741211,119.0999984741211,120.0999984741211,120.5999984741211,421924.0,115.95349884033203
2020-08-05,123.80000305175781,120.75,121.0,123.25,287035.0,118.50139617919922
2020-08-06,124.1500015258789,122.0,123.05000305175781,122.0,368887.0,117.29955291748047
2020-08-07,122.94999694824219,121.5,121.94999694824219,122.80000305175781,786309.0,118.06873321533203
2020-08-10,123.5999984741211,120.0999984741211,120.0999984741211,122.6500015258789,368670.0,117.92451477050781
2020-08-11,124.6500015258789,122.9000015258789,123.0,124.44999694824219,446635.0,119.65515899658203
2020-08-12,125.4000015258789,122.75,124.0,125.4000015258789,461587.0,120.56855773925781
2020-08-13,125.5,124.1500015258789,125.44999694824219,125.5,385095.0,120.66471099853516
2020-08-14,125.30000305175781,122.94999694824219,125.30000305175781,123.19999694824219,352247.0,118.45332336425781
2020-08-17,125.75,123.19999694824219,123.19999694824219,125.75,286818.0,120.90507507324219
2020-08-18,127.0,124.4000015258789,125.75,124.75,472436.0,119.94361114501953
2020-08-19,126.5999984741211,124.69999694824219,125.0,125.6500015258789,351501.0,120.80892944335938
2020-08-20,125.0,123.19999694824219,125.0,124.9000015258789,403289.0,120.08782196044922
2020-08-21,126.30000305175781,123.25,126.0,124.75,163119.0,119.94361114501953
2020-08-24,127.8499984741211,125.44999694824219,125.44999694824219,127.30000305175781,286082.0,122.3953628540039
2020-08-25,128.0,125.4000015258789,127.30000305175781,125.4000015258789,449771.0,120.56855773925781
2020-08-26,128.4499969482422,124.75,125.69999694824219,128.4499969482422,475928.0,123.50104522705078
2020-08-27,129.60000610351562,127.19999694824219,128.4499969482422,127.44999694824219,519438.0,122.5395736694336
2020-08-28,128.5,124.80000305175781,127.44999694824219,125.0999984741211,455818.0,120.2801284790039
2020-08-31,126.4000015258789,124.3499984741211,125.1500015258789,124.3499984741211,711002.0,119.55901336669922
2020-09-01,125.1500015258789,122.9000015258789,124.5999984741211,123.9000015258789,484459.0,119.12635803222656
2020-09-02,127.1500015258789,123.9000015258789,123.9000015258789,126.1500015258789,508463.0,121.28966522216797
2020-09-03,128.6999969482422,123.44999694824219,126.55000305175781,123.9000015258789,434617.0,119.12635803222656
2020-09-04,126.8499984741211,122.6500015258789,123.5,124.1500015258789,119615.0,119.3667221069336
2020-09-07,126.94999694824219,124.5,124.5,126.30000305175781,157700.0,121.43388366699219
2020-09-08,126.69999694824219,123.1500015258789,126.30000305175781,124.80000305175781,330844.0,119.99168395996094
2020-09-09,127.44999694824219,124.44999694824219,124.5,127.44999694824219,238097.0,122.5395736694336
2020-09-10,127.44999694824219,122.69999694824219,127.44999694824219,123.3499984741211,895650.0,118.59754943847656
2020-09-11,124.6500015258789,122.5999984741211,123.3499984741211,124.5999984741211,288680.0,119.79939270019531
2020-09-14,125.80000305175781,122.80000305175781,124.5,123.05000305175781,365825.0,118.3091049194336
2020-09-15,124.9000015258789,122.9000015258789,123.0,123.69999694824219,256364.0,118.9340591430664
2020-09-16,125.0999984741211,123.6500015258789,124.0999984741211,124.3499984741211,376349.0,119.55901336669922
2020-09-17,125.0999984741211,122.9000015258789,123.4000015258789,123.80000305175781,404992.0,119.03020477294922
2020-09-18,125.75,123.0,123.30000305175781,125.75,884086.0,120.90507507324219
2020-09-21,125.30000305175781,120.75,125.30000305175781,121.69999694824219,275318.0,117.01111602783203
2020-09-22,123.25,121.30000305175781,123.19999694824219,121.69999694824219,451563.0,117.01111602783203
2020-09-23,123.19999694824219,121.69999694824219,122.55000305175781,122.0,990984.0,117.29955291748047
2020-09-24,123.19999694824219,120.25,121.69999694824219,122.5999984741211,619367.0,117.87643432617188
2020-09-25,122.8499984741211,119.75,122.69999694824219,121.4000015258789,582388.0,116.7226791381836
2020-09-28,126.0999984741211,122.19999694824219,122.19999694824219,126.0999984741211,1007535.0,121.24159240722656
2020-09-29,129.8000030517578,126.0999984741211,127.25,128.9499969482422,821567.0,123.9817886352539
2020-09-30,128.4499969482422,124.69999694824219,128.0,124.69999694824219,723922.0,119.8955307006836
2020-10-01,127.30000305175781,125.05000305175781,125.05000305175781,125.44999694824219,375267.0,120.61662292480469
2020-10-02,124.5999984741211,122.94999694824219,124.5999984741211,124.0,232526.0,119.22249603271484
2020-10-05,127.19999694824219,124.4000015258789,126.5999984741211,126.3499984741211,353243.0,121.48196411132812
2020-10-06,126.75,124.4000015258789,126.55000305175781,124.5,387754.0,119.70323181152344
2020-10-07,127.4000015258789,124.4000015258789,124.4000015258789,124.69999694824219,314469.0,119.8955307006836
2020-10-08,125.80000305175781,124.0,124.8499984741211,125.05000305175781,489926.0,120.2320556640625
2020-10-09,126.3499984741211,124.5999984741211,124.9000015258789,125.94999694824219,233829.0,121.09737396240234
2020-10-12,126.8499984741211,124.69999694824219,125.94999694824219,124.9000015258789,277580.0,120.08782196044922
2020-10-13,125.1500015258789,123.0,125.1500015258789,123.0,351979.0,118.26103210449219
2020-10-14,125.0,122.9000015258789,123.6500015258789,124.69999694824219,474502.0,119.8955307006836
2020-10-15,123.5,121.55000305175781,122.5,122.69999694824219,366797.0,117.97257995605469
2020-10-16,125.69999694824219,122.44999694824219,123.44999694824219,124.75,316975.0,119.94361114501953
2020-10-19,126.0,123.30000305175781,124.6500015258789,124.8499984741211,279890.0,120.03975677490234
2020-10-20,125.1500015258789,122.80000305175781,123.25,123.25,389773.0,118.50139617919922
2020-10-21,124.30000305175781,120.8499984741211,124.0,121.5999984741211,313677.0,116.91497039794922
2020-10-22,122.0,119.69999694824219,121.5999984741211,120.30000305175781,539480.0,115.66505432128906
2020-10-23,131.60000610351562,124.0,124.4000015258789,131.60000610351562,637110.0,126.52969360351562
2020-10-26,132.5,128.6999969482422,130.14999389648438,130.4499969482422,302892.0,125.42398834228516
2020-10-27,131.85000610351562,129.25,131.5500030517578,131.25,535727.0,126.19317626953125
2020-10-28,130.75,126.94999694824219,130.10000610351562,127.1500015258789,452433.0,122.25113677978516
2020-10-29,129.3000030517578,125.0,126.0,128.10000610351562,361904.0,123.16454315185547
2020-10-30,128.6999969482422,127.0,127.44999694824219,127.5999984741211,169147.0,122.68379974365234
2020-11-02,130.85000610351562,125.5999984741211,127.8499984741211,128.64999389648438,497110.0,123.6933364868164
2020-11-03,134.9499969482422,130.0,130.9499969482422,133.3000030517578,604492.0,128.1641845703125
2020-11-04,137.3000030517578,131.8000030517578,132.6999969482422,136.3000030517578,264992.0,131.0486297607422
2020-11-05,140.9499969482422,137.14999389648438,137.60000610351562,140.0,897213.0,134.60604858398438
2020-11-06,140.64999389648438,137.3000030517578,139.35000610351562,139.75,357441.0,134.36569213867188
2020-11-09,143.6999969482422,140.3000030517578,142.1999969482422,140.75,438247.0,135.32713317871094
2020-11-10,141.4499969482422,136.5,140.60000610351562,136.89999389648438,877631.0,131.62547302246094
2020-11-11,138.0500030517578,136.0500030517578,136.89999389648438,137.25,623557.0,131.96200561523438
2020-11-12,137.60000610351562,134.5,135.0,137.0,539680.0,131.7216339111328
2020-11-13,137.4499969482422,134.4499969482422,136.0500030517578,135.0,879438.0,129.79867553710938
2020-11-16,139.64999389648438,135.6999969482422,135.6999969482422,138.39999389648438,477112.0,133.06768798828125
2020-11-17,139.8000030517578,137.8000030517578,138.14999389648438,138.5,511139.0,133.16384887695312
2020-11-18,138.85000610351562,136.14999389648438,138.64999389648438,137.60000610351562,311515.0,132.29852294921875
2020-11-19,138.60000610351562,135.9499969482422,136.8000030517578,137.6999969482422,266071.0,132.39466857910156
2020-11-20,139.25,136.89999389648438,137.3000030517578,139.0,549424.0,133.64459228515625
2020-11-23,140.85000610351562,138.10000610351562,139.0,140.6999969482422,635157.0,135.27908325195312
2020-11-24,142.6999969482422,138.5500030517578,141.35000610351562,139.3000030517578,699382.0,133.93301391601562
2020-11-25,141.5500030517578,136.0500030517578,141.0,136.8000030517578,702275.0,131.52932739257812
2020-11-26,138.85000610351562,136.3000030517578,137.39999389648438,136.5,282927.0,131.2408905029297
2020-11-27,137.4499969482422,135.25,136.0,137.4499969482422,357091.0,132.154296875
2020-11-30,137.14999389648438,134.9499969482422,137.0,136.3000030517578,1281065.0,132.2028045654297
2020-12-01,137.25,134.85000610351562,137.1999969482422,136.9499969482422,588690.0,132.833251953125
2020-12-02,138.8000030517578,134.60000610351562,137.0,135.14999389648438,673931.0,131.0873565673828
2020-12-03,137.10000610351562,134.39999389648438,135.64999389648438,137.10000610351562,670889.0,132.978759765625
2020-12-04,137.75,135.60000610351562,137.1999969482422,136.5,673890.0,132.3967742919922
2020-12-07,137.89999389648438,135.89999389648438,137.1999969482422,136.39999389648438,538730.0,132.29977416992188
2020-12-08,139.64999389648438,135.14999389648438,136.0,139.39999389648438,526459.0,135.20960998535156
2020-12-09,140.89999389648438,138.85000610351562,139.5,140.3000030517578,384221.0,136.08255004882812
2020-12-10,142.14999389648438,138.35000610351562,140.64999389648438,138.6999969482422,380149.0,134.53065490722656
2020-12-11,140.4499969482422,137.75,138.35000610351562,140.4499969482422,305907.0,136.22804260253906
2020-12-14,142.10000610351562,140.10000610351562,141.8000030517578,140.8000030517578,326267.0,136.56752014160156
2020-12-15,141.6999969482422,139.5500030517578,140.0,141.1999969482422,531661.0,136.9554901123047
2020-12-16,143.5,141.35000610351562,142.10000610351562,142.60000610351562,576100.0,138.3134307861328
2020-12-17,143.0,140.0,143.0,140.0,405306.0,135.79156494140625
2020-12-18,142.6999969482422,139.75,140.6999969482422,142.6999969482422,702835.0,138.410400390625
2020-12-21,141.35000610351562,138.8000030517578,141.0500030517578,140.35000610351562,334317.0,136.1310577392578
2020-12-22,141.64999389648438,140.25,140.85000610351562,141.4499969482422,262200.0,137.19798278808594
2020-12-23,142.25,140.0500030517578,141.4499969482422,141.9499969482422,365557.0,137.68296813964844
2020-12-28,143.3000030517578,141.85000610351562,142.75,142.14999389648438,184553.0,137.87693786621094
2020-12-29,144.0,141.75,142.60000610351562,142.3000030517578,225523.0,138.02244567871094
2020-12-30,142.5,139.0,142.3000030517578,139.0,400034.0,134.82164001464844
2021-01-04,142.60000610351562,139.6999969482422,140.35000610351562,141.4499969482422,367408.0,137.19798278808594
2021-01-05,142.10000610351562,140.25,141.4499969482422,140.39999389648438,224141.0,136.17955017089844
2021-01-07,148.35000610351562,140.35000610351562,140.39999389648438,147.64999389648438,1256923.0,143.21160888671875
2021-01-08,150.85000610351562,147.5,149.75,149.9499969482422,573398.0,145.4424591064453
2021-01-11,151.4499969482422,149.4499969482422,150.0,149.6999969482422,462614.0,145.19998168945312
2021-01-12,153.14999389648438,149.6999969482422,149.6999969482422,152.39999389648438,434607.0,147.81883239746094
2021-01-13,153.6999969482422,150.4499969482422,152.39999389648438,150.5,278278.0,145.97593688964844
2021-01-14,151.60000610351562,149.0,151.0,149.25,653784.0,144.76351928710938
2021-01-15,149.85000610351562,145.8000030517578,149.10000610351562,146.3000030517578,596827.0,141.90219116210938
2021-01-18,147.14999389648438,145.3000030517578,145.8000030517578,146.10000610351562,569147.0,141.7082061767578
2021-01-19,147.3000030517578,144.35000610351562,146.9499969482422,145.9499969482422,558682.0,141.5626983642578
2021-01-20,148.60000610351562,146.10000610351562,146.5500030517578,147.75,720552.0,143.30860900878906
2021-01-21,152.14999389648438,148.5500030517578,149.0,151.89999389648438,1070953.0,147.3338623046875
2021-01-22,153.64999389648438,149.75,153.64999389648438,151.0,606816.0,146.46090698242188
2021-01-25,152.75,149.3000030517578,151.8000030517578,149.6999969482422,641521.0,145.19998168945312
2021-01-26,153.60000610351562,143.4499969482422,149.5500030517578,149.5500030517578,1528321.0,145.0544891357422
2021-01-27,149.9499969482422,143.75,149.64999389648438,146.1999969482422,950618.0,141.80520629882812
2021-01-28,149.39999389648438,143.0500030517578,145.75,148.25,658780.0,143.7935791015625
2021-01-29,147.39999389648438,143.60000610351562,147.39999389648438,143.8000030517578,875024.0,139.47735595703125
2021-02-01,147.9499969482422,145.0500030517578,145.0500030517578,147.14999389648438,341346.0,142.72662353515625
2021-02-02,151.0500030517578,148.10000610351562,148.14999389648438,150.39999389648438,539935.0,145.87893676757812
2021-02-03,153.14999389648438,150.75,152.0,153.0,523514.0,148.40078735351562
2021-02-04,154.39999389648438,152.0,153.64999389648438,152.64999389648438,495508.0,148.06130981445312
2021-02-05,153.5,149.25,152.25,149.5,335522.0,145.00601196289062
2021-02-08,152.75,149.75,149.85000610351562,152.25,409013.0,147.67333984375
2021-02-09,152.89999389648438,150.8000030517578,152.60000610351562,151.8000030517578,222454.0,147.2368621826172
2021-02-10,152.6999969482422,150.4499969482422,152.25,151.4499969482422,836535.0,146.8973846435547
2021-02-11,153.75,151.64999389648438,151.8000030517578,153.5,492736.0,148.88575744628906
2021-02-12,155.4499969482422,152.25,153.5,155.1999969482422,249277.0,150.53465270996094
2021-02-15,156.0,154.1999969482422,156.0,155.39999389648438,168228.0,150.7286376953125
2021-02-16,158.5,155.14999389648438,155.39999389648438,157.4499969482422,356233.0,152.71702575683594
2021-02-17,159.39999389648438,156.9499969482422,157.5,157.85000610351562,377588.0,153.10501098632812
2021-02-18,161.3000030517578,157.8000030517578,157.85000610351562,161.0500030517578,419116.0,156.20880126953125
2021-02-19,167.4499969482422,161.39999389648438,161.5,167.0,781244.0,161.97994995117188
2021-02-22,167.75,165.10000610351562,165.9499969482422,166.85000610351562,791540.0,161.83445739746094
2021-02-23,169.1999969482422,164.0500030517578,167.1999969482422,165.3000030517578,558441.0,160.3310546875
2021-02-24,170.9499969482422,167.0,169.25,170.25,779003.0,165.13226318359375
2021-02-25,173.25,170.14999389648438,171.0,171.0500030517578,662315.0,165.90821838378906
2021-02-26,169.1999969482422,164.3000030517578,169.0,166.1999969482422,799515.0,161.20399475097656
2021-03-01,169.60000610351562,167.0,167.4499969482422,169.60000610351562,665317.0,164.50180053710938
2021-03-02,170.9499969482422,168.60000610351562,169.60000610351562,170.89999389648438,444032.0,165.76271057128906
2021-03-03,171.85000610351562,167.35000610351562,171.1999969482422,168.64999389648438,466048.0,163.58035278320312
2021-03-04,168.5500030517578,163.6999969482422,168.5500030517578,164.8000030517578,418412.0,159.84608459472656
2021-03-05,164.5500030517578,162.1999969482422,164.0,162.64999389648438,434218.0,157.76071166992188
2021-03-08,166.1999969482422,162.5,163.60000610351562,165.5,372007.0,160.5250244140625
2021-03-09,167.35000610351562,164.1999969482422,165.5500030517578,167.1999969482422,319936.0,162.17393493652344
2021-03-10,167.3000030517578,164.35000610351562,167.14999389648438,164.35000610351562,420241.0,159.40960693359375
2021-03-11,171.10000610351562,164.75,165.1999969482422,171.10000610351562,663058.0,165.9567108154297
2021-03-12,173.6999969482422,169.5,170.75,173.6999969482422,487829.0,168.47854614257812
2021-03-15,175.0,173.1999969482422,173.6999969482422,173.6999969482422,338145.0,168.47854614257812
2021-03-16,176.89999389648438,173.35000610351562,174.10000610351562,175.0500030517578,518590.0,169.78797912597656
2021-03-17,176.14999389648438,172.75,175.25,173.10000610351562,403494.0,167.89657592773438
2021-03-18,174.14999389648438,170.60000610351562,173.89999389648438,171.39999389648438,766856.0,166.2476806640625
2021-03-19,171.0,168.4499969482422,171.0,170.0500030517578,906006.0,164.93826293945312
2021-03-22,173.10000610351562,168.64999389648438,169.64999389648438,172.3000030517578,362753.0,167.12063598632812
2021-03-23,173.0500030517578,169.5500030517578,171.0500030517578,169.75,457373.0,164.64727783203125
2021-03-24,173.25,168.6999969482422,169.75,172.6999969482422,428133.0,167.5085906982422
2021-03-25,174.39999389648438,171.3000030517578,172.6999969482422,173.35000610351562,598644.0,168.13906860351562
2021-03-26,176.25,173.35000610351562,173.4499969482422,175.4499969482422,432631.0,170.17593383789062
2021-03-29,177.25,174.64999389648438,175.64999389648438,174.64999389648438,323496.0,169.39999389648438
2021-03-30,179.89999389648438,175.0,175.0,179.14999389648438,426408.0,173.7647247314453
2021-03-31,184.0500030517578,178.39999389648438,179.10000610351562,181.9499969482422,638489.0,176.4805450439453
2021-04-01,186.85000610351562,181.9499969482422,181.9499969482422,186.60000610351562,243188.0,180.99078369140625
2021-04-06,189.25,186.8000030517578,188.3000030517578,187.14999389648438,412653.0,181.52423095703125
2021-04-07,187.89999389648438,183.64999389648438,187.14999389648438,183.85000610351562,559267.0,178.32342529296875
2021-04-08,186.35000610351562,183.6999969482422,185.39999389648438,184.75,407864.0,179.19638061523438
2021-04-09,186.4499969482422,184.89999389648438,185.14999389648438,185.4499969482422,416604.0,179.87533569335938
2021-04-12,185.1999969482422,183.10000610351562,185.0,184.14999389648438,342065.0,178.61441040039062
2021-04-13,186.3000030517578,182.85000610351562,183.14999389648438,183.8000030517578,382273.0,178.2749481201172
2021-04-14,189.1999969482422,184.6999969482422,187.0,184.89999389648438,701476.0,179.3418731689453
2021-04-15,186.5,184.0,184.5,185.14999389648438,305003.0,179.58436584472656
2021-04-16,190.64999389648438,185.60000610351562,185.85000610351562,190.0500030517578,357173.0,184.33706665039062
2021-04-19,191.0,187.4499969482422,190.1999969482422,187.64999389648438,225452.0,182.0092010498047
2021-04-20,190.3000030517578,184.9499969482422,186.85000610351562,185.4499969482422,658017.0,179.87533569335938
2021-04-21,187.3000030517578,184.14999389648438,185.14999389648438,186.75,332129.0,181.13626098632812
2021-04-22,188.0,184.6999969482422,186.25,186.75,420973.0,181.13626098632812
2021-04-23,186.75,184.8000030517578,186.60000610351562,186.0500030517578,403144.0,180.45730590820312
2021-04-26,187.85000610351562,185.6999969482422,186.5,187.0,288973.0,181.37875366210938
2021-04-27,187.14999389648438,179.6999969482422,186.25,181.85000610351562,573001.0,176.38356018066406
2021-04-28,183.85000610351562,164.1999969482422,183.35000610351562,178.8000030517578,1215956.0,173.4252471923828
2021-04-29,179.64999389648438,173.4499969482422,179.5,174.6999969482422,705606.0,170.64144897460938
2021-04-30,175.64999389648438,166.10000610351562,174.8000030517578,166.10000610351562,542550.0,162.24124145507812
2021-05-03,170.3000030517578,164.5,166.1999969482422,168.8000030517578,308825.0,164.87850952148438
2021-05-04,169.9499969482422,166.75,168.85000610351562,166.9499969482422,421669.0,163.0714874267578
2021-05-05,172.60000610351562,167.89999389648438,167.89999389648438,172.0,523128.0,168.00416564941406
2021-05-06,172.5,169.1999969482422,172.10000610351562,170.60000610351562,547209.0,166.63670349121094
2021-05-07,174.75,171.5,172.0,173.3000030517578,354150.0,169.2739715576172
2021-05-10,178.39999389648438,172.14999389648438,174.0,178.0,686595.0,173.86477661132812
2021-05-11,178.0,174.60000610351562,176.14999389648438,177.39999389648438,350635.0,173.27871704101562
2021-05-12,181.14999389648438,176.8000030517578,177.0,180.64999389648438,194786.0,176.45321655273438
2021-05-14,184.77999877929688,175.39999389648438,180.66000366210938,175.39999389648438,320716.0,174.21836853027344
2021-05-17,176.66000366210938,173.52000427246094,176.0,175.36000061035156,320485.0,174.17864990234375
2021-05-18,177.72000122070312,173.77999877929688,175.5800018310547,174.22000122070312,426756.0,173.04632568359375
2021-05-19,173.0500030517578,166.85000610351562,173.0,167.1999969482422,425192.0,166.0736083984375
2021-05-20,169.39999389648438,166.5,167.5,168.5500030517578,788118.0,167.41452026367188
2021-05-21,170.89999389648438,168.14999389648438,169.10000610351562,170.0500030517578,372332.0,168.9044189453125
2021-05-24,171.0,168.39999389648438,169.9499969482422,169.4499969482422,125465.0,168.30845642089844
2021-05-25,170.5500030517578,169.25,169.25,169.85000610351562,239686.0,168.7057647705078
2021-05-26,170.5,167.0500030517578,170.0,169.25,360712.0,168.10980224609375
2021-05-27,170.89999389648438,168.89999389648438,169.85000610351562,169.4499969482422,1366112.0,168.30845642089844
2021-05-28,170.85000610351562,167.5,170.3000030517578,168.4499969482422,593746.0,167.315185546875
2021-05-31,168.5500030517578,165.35000610351562,168.0,165.35000610351562,471422.0,164.236083984375
2021-06-01,171.10000610351562,166.0500030517578,166.0500030517578,170.64999389648438,434583.0,169.5003662109375
2021-06-02,171.39999389648438,166.60000610351562,170.64999389648438,167.39999389648438,321766.0,166.2722625732422
2021-06-03,168.64999389648438,164.4499969482422,168.64999389648438,165.5500030517578,320234.0,164.4347381591797
2021-06-04,165.60000610351562,162.1999969482422,165.25,162.5500030517578,450561.0,161.45494079589844
2021-06-07,163.6999969482422,160.75,162.25,161.25,318527.0,160.1636962890625
2021-06-08,161.5,159.75,161.0,161.5,46608.0,160.41201782226562
2021-06-09,163.39999389648438,159.75,161.0,161.0500030517578,321211.0,159.9650421142578
2021-06-10,161.60000610351562,158.6999969482422,161.0500030517578,161.60000610351562,759503.0,160.5113525390625
2021-06-11,161.5500030517578,159.85000610351562,160.9499969482422,160.4499969482422,357576.0,159.36907958984375
2021-06-14,161.64999389648438,158.25,160.75,159.60000610351562,467215.0,158.5248260498047
2021-06-15,164.35000610351562,160.0,160.0,164.35000610351562,997891.0,163.24281311035156
2021-06-16,165.5,161.75,163.85000610351562,164.10000610351562,576505.0,162.9945068359375
2021-06-17,164.35000610351562,161.35000610351562,163.8000030517578,163.1999969482422,349359.0,162.10055541992188
2021-06-18,164.14999389648438,160.0500030517578,162.85000610351562,160.0500030517578,576681.0,158.97178649902344
2021-06-21,162.39999389648438,158.0500030517578,158.89999389648438,161.1999969482422,229574.0,160.11402893066406
2021-06-22,163.3000030517578,160.0500030517578,162.10000610351562,163.1999969482422,251853.0,162.10055541992188
2021-06-23,164.5,161.0500030517578,163.4499969482422,163.8000030517578,313204.0,162.69651794433594
2021-06-24,167.9499969482422,163.75,164.1999969482422,167.35000610351562,488784.0,166.2226104736328
2021-06-28,169.9499969482422,163.8000030517578,169.9499969482422,164.39999389648438,739240.0,163.29246520996094
2021-06-29,171.1999969482422,164.39999389648438,165.1999969482422,170.25,665796.0,169.1030731201172
2021-06-30,171.1999969482422,167.5,169.6999969482422,167.9499969482422,641272.0,166.8185577392578
2021-07-01,170.25,166.0500030517578,169.35000610351562,167.60000610351562,355826.0,166.47093200683594
2021-07-02,171.0500030517578,168.25,168.39999389648438,169.5,325991.0,168.35812377929688
2021-07-05,170.0,167.75,169.5,168.3000030517578,150296.0,167.1662139892578
2021-07-06,171.1999969482422,166.9499969482422,167.75,167.85000610351562,341746.0,166.71923828125
2021-07-07,173.5,169.1999969482422,169.1999969482422,172.5500030517578,591535.0,171.3875732421875
2021-07-08,173.39999389648438,170.0500030517578,172.75,172.6999969482422,419351.0,171.53656005859375
2021-07-09,174.89999389648438,171.60000610351562,173.5500030517578,173.10000610351562,384804.0,171.93386840820312
2021-07-12,175.5,171.8000030517578,173.10000610351562,175.1999969482422,508547.0,174.01971435546875
2021-07-13,178.14999389648438,175.3000030517578,176.5,177.25,717818.0,176.055908203125
2021-07-14,177.1999969482422,175.5,177.1999969482422,176.1999969482422,473934.0,175.0129852294922
2021-07-15,177.1999969482422,174.0,175.60000610351562,175.3000030517578,495991.0,174.11904907226562
2021-07-16,176.64999389648438,170.9499969482422,176.0,172.14999389648438,435271.0,170.99026489257812
2021-07-19,172.0,166.6999969482422,170.0,169.0,534550.0,167.86148071289062
2021-07-20,170.89999389648438,163.25,170.25,169.14999389648438,715199.0,168.01046752929688
2021-07-21,169.64999389648438,165.1999969482422,166.75,167.25,543914.0,166.12327575683594
2021-07-22,172.8000030517578,167.8000030517578,167.8000030517578,172.4499969482422,450872.0,171.28823852539062
2021-07-23,175.25,171.85000610351562,172.3000030517578,175.0,367622.0,173.82107543945312
2021-07-26,174.64999389648438,171.10000610351562,174.10000610351562,171.39999389648438,306615.0,170.2453155517578
2021-07-27,172.0,169.0500030517578,170.75,171.25,253073.0,170.09632873535156
2021-07-28,174.5,170.3000030517578,171.0500030517578,174.10000610351562,252485.0,172.92713928222656
2021-07-29,175.60000610351562,173.25,175.0,174.5500030517578,300765.0,173.3740997314453
2021-07-30,174.5500030517578,171.5,173.89999389648438,173.0,365056.0,171.83453369140625
2021-08-02,174.6999969482422,172.9499969482422,173.60000610351562,173.5,378783.0,172.3311767578125
2021-08-03,174.14999389648438,170.8000030517578,174.14999389648438,172.14999389648438,306104.0,170.99026489257812
2021-08-04,173.5,170.8000030517578,173.0500030517578,172.5,356723.0,171.33790588378906
2021-08-05,174.60000610351562,171.89999389648438,172.25,172.1999969482422,240924.0,171.03993225097656
2021-08-06,172.35000610351562,170.25,172.0500030517578,171.0500030517578,214311.0,169.89767456054688
2021-08-09,171.0,168.85000610351562,170.89999389648438,168.85000610351562,174904.0,167.71250915527344
2021-08-10,170.0500030517578,168.5,168.85000610351562,168.75,157825.0,167.61317443847656
2021-08-11,171.8000030517578,168.5,168.8000030517578,171.35000610351562,256785.0,170.19566345214844
2021-08-12,172.8000030517578,170.1999969482422,171.0,172.0500030517578,234433.0,170.8909454345703
2021-08-13,172.64999389648438,170.39999389648438,172.0,172.3000030517578,292961.0,171.13926696777344
2021-08-16,171.25,169.8000030517578,171.0,170.85000610351562,261901.0,169.69903564453125
2021-08-17,171.0,168.5500030517578,170.6999969482422,170.35000610351562,455126.0,169.202392578125
2021-08-18,170.5,166.35000610351562,169.5,167.0500030517578,336178.0,165.92462158203125
2021-08-19,166.0500030517578,163.0500030517578,166.0500030517578,163.39999389648438,890030.0,162.29920959472656
2021-08-20,164.64999389648438,160.64999389648438,163.39999389648438,164.0500030517578,525921.0,162.94483947753906
2021-08-23,165.60000610351562,163.3000030517578,164.5,164.39999389648438,338258.0,163.29246520996094
2021-08-24,166.10000610351562,163.35000610351562,164.39999389648438,165.6999969482422,186351.0,164.58370971679688
2021-08-25,168.0500030517578,165.10000610351562,165.85000610351562,167.0,266039.0,165.87496948242188
2021-08-26,168.10000610351562,165.75,167.35000610351562,167.0,269711.0,165.87496948242188
2021-08-27,168.3000030517578,166.25,167.14999389648438,167.4499969482422,312001.0,166.32192993164062
2021-08-30,169.0,165.60000610351562,167.4499969482422,167.0,332333.0,165.87496948242188
2021-08-31,168.0,163.8000030517578,167.5,163.9499969482422,467573.0,162.8455047607422
2021-09-01,166.10000610351562,162.10000610351562,164.5500030517578,165.0,380723.0,163.888427734375
2021-09-02,169.10000610351562,165.3000030517578,165.6999969482422,168.9499969482422,269494.0,167.81182861328125
2021-09-03,170.39999389648438,166.4499969482422,169.3000030517578,167.0,440019.0,165.87496948242188
2021-09-06,168.9499969482422,166.85000610351562,167.0,168.0,403347.0,166.86822509765625
2021-09-07,168.4499969482422,166.39999389648438,168.0,167.35000610351562,272348.0,166.2226104736328
2021-09-08,166.60000610351562,162.35000610351562,166.1999969482422,163.89999389648438,392527.0,162.79583740234375
2021-09-09,164.8000030517578,162.5,163.64999389648438,163.5500030517578,336300.0,162.44821166992188
2021-09-10,166.60000610351562,163.0500030517578,163.89999389648438,165.4499969482422,425998.0,164.3354034423828
2021-09-13,166.1999969482422,162.1999969482422,165.4499969482422,162.64999389648438,449430.0,161.55426025390625
2021-09-14,166.10000610351562,162.14999389648438,162.1999969482422,165.0,392752.0,163.888427734375
2021-09-15,165.85000610351562,163.39999389648438,165.0,164.35000610351562,382333.0,163.24281311035156
2021-09-16,165.39999389648438,162.64999389648438,164.39999389648438,163.0500030517578,280321.0,161.95156860351562
2021-09-17,165.0,158.60000610351562,163.9499969482422,158.60000610351562,839452.0,157.53155517578125
2021-09-20,157.0,153.0,156.35000610351562,154.0,459054.0,152.96253967285156
2021-09-21,155.4499969482422,151.39999389648438,154.0,151.5,570658.0,150.47938537597656
2021-09-22,158.35000610351562,152.10000610351562,152.10000610351562,158.14999389648438,903205.0,157.08457946777344
2021-09-23,160.4499969482422,156.64999389648438,159.64999389648438,158.35000610351562,773230.0,157.28323364257812
2021-09-24,158.85000610351562,156.3000030517578,158.5,157.14999389648438,406079.0,156.09130859375
2021-09-27,159.0500030517578,154.9499969482422,158.1999969482422,155.3000030517578,425097.0,154.2537841796875
2021-09-28,155.0,150.5,154.85000610351562,151.1999969482422,395676.0,150.181396484375
2021-09-29,154.14999389648438,151.0,151.85000610351562,151.14999389648438,311711.0,150.13172912597656
2021-09-30,155.89999389648438,153.39999389648438,153.39999389648438,155.85000610351562,545966.0,154.80007934570312
2021-10-01,155.89999389648438,152.0500030517578,154.0,155.0500030517578,448170.0,154.00546264648438
2021-10-04,158.35000610351562,153.0500030517578,154.6999969482422,155.9499969482422,435267.0,154.89939880371094
2021-10-05,157.75,154.75,155.8000030517578,157.64999389648438,334078.0,156.58795166015625
2021-10-06,158.3000030517578,153.0,158.3000030517578,155.10000610351562,510559.0,154.0551300048828
2021-10-07,158.39999389648438,156.0500030517578,156.3000030517578,156.9499969482422,719658.0,155.89266967773438
2021-10-08,157.75,155.0500030517578,157.0,155.39999389648438,256034.0,154.3531036376953
2021-10-11,159.85000610351562,155.25,155.39999389648438,159.64999389648438,259828.0,158.57447814941406
2021-10-12,162.25,158.0,158.14999389648438,162.10000610351562,463163.0,161.0079803466797
2021-10-13,162.9499969482422,161.0500030517578,162.5,162.25,311613.0,161.15696716308594
2021-10-14,166.8000030517578,163.5,163.5500030517578,166.35000610351562,337912.0,165.22933959960938
2021-10-15,169.1999969482422,166.9499969482422,167.5,168.5500030517578,245369.0,167.41452026367188
2021-10-18,170.14999389648438,166.6999969482422,168.64999389648438,168.9499969482422,343941.0,167.81182861328125
2021-10-19,172.75,169.64999389648438,170.9499969482422,170.35000610351562,232471.0,169.202392578125
2021-10-20,171.35000610351562,167.64999389648438,170.35000610351562,170.0,299296.0,168.85475158691406
2021-10-21,179.39999389648438,168.5,170.14999389648438,177.8000030517578,819980.0,176.60220336914062
2021-10-22,184.1999969482422,178.0,178.0,181.75,481415.0,180.5255889892578
2021-10-25,182.25,177.60000610351562,182.14999389648438,181.0,339246.0,179.7806396484375
2021-10-26,186.39999389648438,180.5500030517578,181.0,185.5500030517578,495696.0,184.3000030517578
2021-10-27,185.25,180.60000610351562,183.60000610351562,181.1999969482422,416906.0,181.1999969482422
2021-10-28,182.5,179.1999969482422,180.85000610351562,182.5,333841.0,182.5
2021-10-29,182.5,180.10000610351562,182.1999969482422,182.5,356484.0,182.5
2021-11-01,183.75,182.3000030517578,182.9499969482422,183.60000610351562,180401.0,183.60000610351562
2021-11-02,185.10000610351562,182.75,183.3000030517578,185.0500030517578,223705.0,185.0500030517578
2021-11-03,185.25,182.85000610351562,185.0,184.14999389648438,254370.0,184.14999389648438
2021-11-04,186.10000610351562,182.5500030517578,185.25,185.89999389648438,299928.0,185.89999389648438
2021-11-05,189.35000610351562,185.4499969482422,185.5500030517578,189.3000030517578,159246.0,189.3000030517578
2021-11-08,189.3000030517578,186.5500030517578,189.3000030517578,188.64999389648438,399982.0,188.64999389648438
2021-11-09,190.6999969482422,187.89999389648438,188.64999389648438,189.10000610351562,248093.0,189.10000610351562
2021-11-10,189.1999969482422,184.39999389648438,189.10000610351562,185.5,553477.0,185.5
2021-11-11,187.1999969482422,185.0500030517578,185.5,187.0,685412.0,187.0
2021-11-12,191.1999969482422,185.60000610351562,186.5,190.60000610351562,432775.0,190.60000610351562
2021-11-15,191.35000610351562,187.1999969482422,191.0,187.1999969482422,644592.0,187.1999969482422
2021-11-16,189.60000610351562,186.60000610351562,187.60000610351562,188.5500030517578,191779.0,188.5500030517578
2021-11-17,189.35000610351562,185.4499969482422,186.6999969482422,189.10000610351562,293746.0,189.10000610351562
2021-11-18,189.5500030517578,186.75,189.0,188.5500030517578,184631.0,188.5500030517578
2021-11-19,188.75,185.4499969482422,188.75,185.5500030517578,485686.0,185.5500030517578
2021-11-22,188.35000610351562,185.25,185.4499969482422,186.64999389648438,620126.0,186.64999389648438
2021-11-23,185.60000610351562,181.10000610351562,185.0,182.89999389648438,678997.0,182.89999389648438
2021-11-24,185.25,181.25,182.89999389648438,182.85000610351562,485438.0,182.85000610351562
2021-11-25,185.0,182.1999969482422,182.85000610351562,183.10000610351562,768949.0,183.10000610351562
2021-11-26,180.0500030517578,176.39999389648438,177.5500030517578,176.5,558206.0,176.5
2021-11-29,181.3000030517578,178.10000610351562,178.10000610351562,180.5,548655.0,180.5
2021-11-30,183.85000610351562,177.25,178.1999969482422,182.10000610351562,1824276.0,182.10000610351562
2021-12-01,184.60000610351562,181.75,183.1999969482422,183.5500030517578,512068.0,183.5500030517578
2021-12-02,183.75,180.3000030517578,181.35000610351562,182.64999389648438,448942.0,182.64999389648438
2021-12-03,187.10000610351562,178.5500030517578,187.10000610351562,179.35000610351562,385122.0,179.35000610351562
2021-12-06,183.6999969482422,180.14999389648438,180.1999969482422,182.25,299308.0,182.25
2021-12-07,189.14999389648438,181.4499969482422,181.4499969482422,188.3000030517578,681590.0,188.3000030517578
2021-12-08,191.85000610351562,185.60000610351562,188.35000610351562,186.60000610351562,534102.0,186.60000610351562
2021-12-09,191.85000610351562,185.60000610351562,188.35000610351562,190.35000610351562,837721.0,190.35000610351562
2021-12-10,189.60000610351562,186.9499969482422,188.35000610351562,188.0,345103.0,188.0
2021-12-13,192.4499969482422,187.1999969482422,188.9499969482422,187.25,416593.0,187.25
2021-12-14,190.85000610351562,184.25,187.85000610351562,184.25,869799.0,184.25
2021-12-15,185.3000030517578,180.60000610351562,184.0,180.9499969482422,837286.0,180.9499969482422
2021-12-16,189.35000610351562,183.25,185.5500030517578,188.60000610351562,881398.0,188.60000610351562
2021-12-17,189.5500030517578,182.64999389648438,188.39999389648438,185.14999389648438,731136.0,185.14999389648438
2021-12-20,185.60000610351562,180.25,184.0500030517578,182.64999389648438,268659.0,182.64999389648438
2021-12-21,185.5500030517578,182.4499969482422,184.60000610351562,183.89999389648438,543025.0,183.89999389648438
2021-12-22,185.9499969482422,182.3000030517578,183.85000610351562,185.9499969482422,478792.0,185.9499969482422
2021-12-23,190.0,183.39999389648438,186.0500030517578,190.0,367267.0,190.0
2021-12-27,192.3000030517578,189.5500030517578,191.75,190.25,194773.0,190.25
2021-12-28,193.4499969482422,190.25,190.3000030517578,192.10000610351562,132082.0,192.10000610351562
2021-12-29,194.0,190.5500030517578,192.14999389648438,192.64999389648438,220126.0,192.64999389648438
2021-12-30,194.5500030517578,191.6999969482422,192.6999969482422,191.6999969482422,316135.0,191.6999969482422
2022-01-03,196.4499969482422,191.6999969482422,191.89999389648438,195.60000610351562,232259.0,195.60000610351562
2022-01-04,200.0,195.9499969482422,196.14999389648438,199.75,241641.0,199.75
2022-01-05,200.6999969482422,198.3000030517578,199.0,198.3000030517578,166617.0,198.3000030517578
2022-01-07,199.0,191.39999389648438,198.4499969482422,192.60000610351562,354493.0,192.60000610351562
2022-01-10,195.0500030517578,183.5,194.3000030517578,184.25,351415.0,184.25
2022-01-11,186.10000610351562,182.85000610351562,184.5500030517578,184.14999389648438,453139.0,184.14999389648438
2022-01-12,187.8000030517578,183.10000610351562,183.6999969482422,187.39999389648438,388569.0,187.39999389648438
2022-01-13,188.8000030517578,182.60000610351562,187.5500030517578,185.14999389648438,744617.0,185.14999389648438
2022-01-14,185.0,178.10000610351562,185.0,178.8000030517578,402682.0,178.8000030517578
2022-01-17,181.3000030517578,178.3000030517578,178.8000030517578,180.85000610351562,268495.0,180.85000610351562
2022-01-18,181.0,176.10000610351562,181.0,179.25,399502.0,179.25
2022-01-19,185.1999969482422,177.14999389648438,177.14999389648438,183.39999389648438,666361.0,183.39999389648438
2022-01-20,189.0,182.35000610351562,187.3000030517578,185.10000610351562,624488.0,185.10000610351562
2022-01-21,184.39999389648438,180.1999969482422,182.8000030517578,183.89999389648438,320973.0,183.89999389648438
2022-01-24,183.5500030517578,172.25,182.60000610351562,174.6999969482422,362414.0,174.6999969482422
2022-01-25,177.25,168.75,175.64999389648438,170.6999969482422,1054393.0,170.6999969482422
2022-01-26,177.5500030517578,162.8000030517578,171.9499969482422,165.0,894835.0,165.0
2022-01-27,164.5,158.89999389648438,162.35000610351562,162.9499969482422,1066226.0,162.9499969482422
2022-01-28,163.5500030517578,158.8000030517578,162.85000610351562,162.4499969482422,690998.0,162.4499969482422
2022-01-31,168.89999389648438,165.0,166.3000030517578,167.3000030517578,411662.0,167.3000030517578
2022-02-01,171.60000610351562,168.35000610351562,169.0,169.64999389648438,319854.0,169.64999389648438
2022-02-02,173.9499969482422,169.8000030517578,170.0500030517578,173.1999969482422,263240.0,173.1999969482422
2022-02-03,174.89999389648438,170.75,173.1999969482422,172.8000030517578,428811.0,172.8000030517578
2022-02-04,173.3000030517578,166.4499969482422,172.9499969482422,166.9499969482422,340711.0,166.9499969482422
2022-02-07,168.75,165.85000610351562,167.64999389648438,166.3000030517578,285381.0,166.3000030517578
2022-02-08,168.25,164.75,166.39999389648438,166.4499969482422,302466.0,166.4499969482422
2022-02-09,173.8000030517578,162.5500030517578,162.5500030517578,171.75,262262.0,171.75
2022-02-10,173.85000610351562,168.1999969482422,173.1999969482422,169.25,188580.0,169.25
2022-02-11,168.60000610351562,164.5,167.4499969482422,164.8000030517578,180842.0,164.8000030517578
2022-02-14,162.89999389648438,158.5500030517578,161.35000610351562,162.0,307990.0,162.0
2022-02-15,167.8000030517578,161.6999969482422,162.0,167.14999389648438,261542.0,167.14999389648438
2022-02-16,169.4499969482422,166.89999389648438,167.14999389648438,168.8000030517578,243711.0,168.8000030517578
2022-02-17,170.8000030517578,164.64999389648438,168.9499969482422,165.5,255096.0,165.5
2022-02-18,165.0,161.14999389648438,164.64999389648438,163.60000610351562,189569.0,163.60000610351562
2022-02-21,164.64999389648438,160.0,164.0,161.6999969482422,284426.0,161.6999969482422
2022-02-22,164.5500030517578,157.0,157.0,163.1999969482422,448418.0,163.1999969482422
2022-02-23,164.8000030517578,161.25,163.0,161.39999389648438,209907.0,161.39999389648438
2022-02-24,158.3000030517578,150.64999389648438,150.64999389648438,154.60000610351562,348218.0,154.60000610351562
2022-02-25,157.39999389648438,153.9499969482422,156.0,156.6999969482422,491183.0,156.6999969482422
2022-02-28,155.35000610351562,149.5500030517578,153.14999389648438,154.10000610351562,663658.0,154.10000610351562
2022-03-01,153.75,148.0,153.0,150.1999969482422,362874.0,150.1999969482422
2022-03-02,157.14999389648438,145.1999969482422,147.25,156.35000610351562,466472.0,156.35000610351562
2022-03-03,156.5,152.9499969482422,155.5500030517578,153.5500030517578,215593.0,153.5500030517578
2022-03-04,152.64999389648438,149.14999389648438,152.14999389648438,150.4499969482422,294190.0,150.4499969482422
